joint1_target_rad_s,joint2_angle_rad,net_displacement_m,steady_speed_mps,mean_speed_mps
0.02,0.0,0.07947860658168793,0.007947860285639763,0.007947850972414017
0.02,0.0,0.07940960675477982,0.007940961048007011,0.007940965704619884
0.02,0.0,0.0793619379401207,0.007936193607747555,0.007936201058328152
0.02,0.0,0.0795365422964096,0.007953654043376446,0.007953695952892303
0.02,0.3,0.06194587051868439,0.006194586865603924,0.01172675658017397
0.02,0.3,0.08837953954935074,0.008837954141199589,0.012682134285569191
0.02,0.3,0.08454301208257675,0.00845430139452219,0.011543573811650276
0.02,0.3,0.08810562640428543,0.008810563012957573,0.01285681314766407
0.02,0.45,0.07444016635417938,0.007444016635417938,0.012643374502658844
0.02,0.45,0.07039675861597061,0.007039675954729319,0.013156913220882416
0.02,0.45,0.0865662544965744,0.008656625635921955,0.01349060982465744
0.02,0.45,0.06339489668607712,0.006339489482343197,0.013373482041060925
0.02,0.5236,0.08615447580814362,0.008615447208285332,0.029158761724829674
0.02,0.5236,0.06117880716919899,0.0061178808100521564,0.029668379575014114
0.02,0.5236,0.0588986799120903,0.005889867898076773,0.03138987720012665
0.02,0.5236,0.08765595406293869,0.00876559503376484,0.02725091204047203
0.03,0.0,0.11923142522573471,0.011923142708837986,0.011923163197934628
0.03,0.0,0.11912483721971512,0.011912483721971512,0.011912484653294086
0.03,0.0,0.11907225847244263,0.011907225474715233,0.011907234787940979
0.03,0.0,0.11936674267053604,0.011936673894524574,0.011936826631426811
0.03,0.3,0.09933557361364365,0.009933557361364365,0.014573636464774609
0.03,0.3,0.10771773010492325,0.01077177282422781,0.014794962480664253
0.03,0.3,0.11087406426668167,0.011087406426668167,0.014577239751815796
0.03,0.3,0.11322380602359772,0.011322380974888802,0.01445402204990387
0.03,0.45,0.12394551932811737,0.012394552119076252,0.016955893486738205
0.03,0.45,0.10392618179321289,0.010392618365585804,0.01632722094655037
0.03,0.45,0.10482743382453918,0.010482743382453918,0.015110226348042488
0.03,0.45,0.11114997416734695,0.011114997789263725,0.015123439952731133
0.03,0.5236,0.10610659420490265,0.01061065960675478,0.029542643576860428
0.03,0.5236,0.09885401278734207,0.009885401464998722,0.028774309903383255
0.03,0.5236,0.06866391003131866,0.0068663908168673515,0.03215380758047104
0.03,0.5236,0.07453689724206924,0.007453689817339182,0.02925274148583412
0.05,0.0,0.19889512658119202,0.01988951303064823,0.019889581948518753
0.05,0.0,0.19889800250530243,0.019889799878001213,0.01988985203206539
0.05,0.0,0.1983087658882141,0.01983087696135044,0.019830960780382156
0.05,0.0,0.1990383267402649,0.01990383304655552,0.019903894513845444
0.05,0.3,0.18109053373336792,0.018109053373336792,0.02097797393798828
0.05,0.3,0.18080644309520721,0.01808064430952072,0.021033672615885735
0.05,0.3,0.17779980599880219,0.01777997985482216,0.021014060825109482
0.05,0.3,0.18272309005260468,0.018272308632731438,0.021132811903953552
0.05,0.45,0.17377111315727234,0.017377112060785294,0.021130960434675217
0.05,0.45,0.17974169552326202,0.017974169924855232,0.022533072158694267
0.05,0.45,0.18233464658260345,0.018233465030789375,0.022203659638762474
0.05,0.45,0.15467174351215363,0.015467174351215363,0.021285369992256165
0.05,0.5236,0.11977808177471161,0.01197780855000019,0.03442354127764702
0.05,0.5236,0.18388156592845917,0.018388155847787857,0.030068889260292053
0.05,0.5236,0.17649312317371368,0.01764931157231331,0.03502330183982849
0.05,0.5236,0.167103111743927,0.0167103111743927,0.03082338534295559
0.07,0.0,0.2776796221733093,0.027767961844801903,0.027768081054091454
0.07,0.0,0.2780744433403015,0.02780744433403015,0.027807727456092834
0.07,0.0,0.27824142575263977,0.027824142947793007,0.027824372053146362
0.07,0.0,0.27803823351860046,0.027803823351860046,0.027805164456367493
0.07,0.3,0.26727810502052307,0.026727810502052307,0.02892681397497654
0.07,0.3,0.25600099563598633,0.025600099936127663,0.02800133265554905
0.07,0.3,0.25297442078590393,0.025297442451119423,0.0280750785022974
0.07,0.3,0.26085901260375977,0.026085902005434036,0.028489693999290466
0.07,0.45,0.24726702272891998,0.02472670190036297,0.028549829497933388
0.07,0.45,0.2517842650413513,0.02517842687666416,0.028784001246094704
0.07,0.45,0.24457892775535583,0.024457892403006554,0.027805497869849205
0.07,0.45,0.23270350694656372,0.023270349949598312,0.02763279154896736
0.07,0.5236,0.23806218802928925,0.023806218057870865,0.037809766829013824
0.07,0.5236,0.23202383518218994,0.023202383890748024,0.03985711187124252
0.07,0.5236,0.1933559626340866,0.01933559589087963,0.039636414498090744
0.07,0.5236,0.2346436083316803,0.02346436120569706,0.04009229317307472
0.1,0.0,0.39653170108795166,0.039653170853853226,0.03965335339307785
0.1,0.0,0.39721599221229553,0.03972160071134567,0.039721645414829254
0.1,0.0,0.3971947729587555,0.03971947729587555,0.03971949964761734
0.1,0.0,0.39723843336105347,0.03972384333610535,0.039723824709653854
0.1,0.3,0.36483433842658997,0.03648343309760094,0.03870731592178345
0.1,0.3,0.37768441438674927,0.037768442183732986,0.03935978561639786
0.1,0.3,0.3655282258987427,0.03655282407999039,0.038616277277469635
0.1,0.3,0.3651277422904968,0.03651277348399162,0.03862334042787552
0.1,0.45,0.35224589705467224,0.035224590450525284,0.038308873772621155
0.1,0.45,0.3514343798160553,0.03514343872666359,0.03830762207508087
0.1,0.45,0.3481809198856354,0.03481809049844742,0.03821610286831856
0.1,0.45,0.3491104543209076,0.03491104394197464,0.037964269518852234
0.1,0.5236,0.3533737063407898,0.03533736988902092,0.04922265559434891
0.1,0.5236,0.3216155469417572,0.03216155618429184,0.04743146896362305
0.1,0.5236,0.33820149302482605,0.033820148557424545,0.04795844852924347
0.1,0.5236,0.32645291090011597,0.032645292580127716,0.046979088336229324
0.14,0.0,0.556395411491394,0.055639542639255524,0.05563952773809433
0.14,0.0,0.5558614730834961,0.05558614805340767,0.055586040019989014
0.14,0.0,0.5558133125305176,0.05558133125305176,0.05558137223124504
0.14,0.0,0.5560228824615479,0.055602289736270905,0.055602509528398514
0.14,0.3,0.517318606376648,0.051731862127780914,0.05350486561655998
0.14,0.3,0.5165663957595825,0.05165664106607437,0.053580403327941895
0.14,0.3,0.5158675909042358,0.051586758345365524,0.053415048867464066
0.14,0.3,0.5161731243133545,0.05161731317639351,0.0534544475376606
0.14,0.45,0.4768318235874176,0.04768318310379982,0.051067598164081573
0.14,0.45,0.4870533049106598,0.0487053319811821,0.0520993173122406
0.14,0.45,0.48053574562072754,0.048053573817014694,0.05135338753461838
0.14,0.45,0.4774254560470581,0.04774254560470581,0.05107440799474716
0.14,0.5236,0.45002514123916626,0.04500251263380051,0.05821674317121506
0.14,0.5236,0.45329180359840393,0.04532917961478233,0.05789337307214737
0.14,0.5236,0.4558057487010956,0.04558057337999344,0.058349598199129105
0.14,0.5236,0.4797027111053467,0.04797027260065079,0.0588122196495533
0.2,0.0,0.7947512865066528,0.07947512716054916,0.07947513461112976
0.2,0.0,0.7942038774490356,0.07942038774490356,0.07942046970129013
0.2,0.0,0.7937846183776855,0.07937846332788467,0.07937844842672348
0.2,0.0,0.7942031621932983,0.0794203132390976,0.07942045480012894
0.2,0.3,0.7478654980659485,0.07478655129671097,0.07682035863399506
0.2,0.3,0.7403940558433533,0.07403940707445145,0.07610393315553665
0.2,0.3,0.7422909736633301,0.07422909885644913,0.07630638778209686
0.2,0.3,0.7397611141204834,0.07397611439228058,0.07609935104846954
0.2,0.45,0.6957094073295593,0.06957094371318817,0.0738333910703659
0.2,0.45,0.6901249885559082,0.06901250034570694,0.07319575548171997
0.2,0.45,0.6912173628807068,0.06912173330783844,0.07333922386169434
0.2,0.45,0.6820266246795654,0.0682026594877243,0.072251096367836
0.2,0.5236,0.6268501281738281,0.06268501281738281,0.07465160638093948
0.2,0.5236,0.6258188486099243,0.06258188188076019,0.07473872601985931
0.2,0.5236,0.624907910823822,0.0624907910823822,0.07516966015100479
0.2,0.5236,0.6404852271080017,0.06404852122068405,0.07540050894021988
0.28,0.0,1.1124491691589355,0.11124491691589355,0.11124517768621445
0.28,0.0,1.1120928525924683,0.11120928823947906,0.11120946705341339
0.28,0.0,1.1123344898223877,0.11123345047235489,0.1112334355711937
0.28,0.0,1.1113156080245972,0.11113156378269196,0.11113189160823822
0.28,0.3,1.028171420097351,0.10281714051961899,0.10647924244403839
0.28,0.3,1.0303822755813599,0.1030382290482521,0.10672452300786972
0.28,0.3,1.030375599861145,0.10303755849599838,0.10671528428792953
0.28,0.3,1.0283483266830444,0.10283483564853668,0.10649804025888443
0.28,0.45,0.9308844804763794,0.09308844804763794,0.10060737282037735
0.28,0.45,0.9309265613555908,0.0930926576256752,0.10063215345144272
0.28,0.45,0.9308803081512451,0.09308803081512451,0.10060882568359375
0.28,0.45,0.930888831615448,0.09308888018131256,0.10061778873205185
0.28,0.5236,0.8667824864387512,0.08667825162410736,0.10026947408914566
0.28,0.5236,0.8679524660110474,0.08679524809122086,0.10063552856445312
0.28,0.5236,0.8786596059799194,0.08786596357822418,0.10175533592700958
0.28,0.5236,0.8783761262893677,0.08783761411905289,0.10174326598644257
0.4,0.0,1.5888550281524658,0.15888550877571106,0.15888552367687225
0.4,0.0,1.5887151956558228,0.15887151658535004,0.15887174010276794
0.4,0.0,1.5888218879699707,0.15888218581676483,0.1588822901248932
0.4,0.0,1.588617205619812,0.15886172652244568,0.15886178612709045
0.4,0.3,1.4454013109207153,0.14454013109207153,0.15214870870113373
0.4,0.3,1.4447219371795654,0.14447219669818878,0.15212102234363556
0.4,0.3,1.4467886686325073,0.14467886090278625,0.15227945148944855
0.4,0.3,1.4448297023773193,0.14448297023773193,0.1521126925945282
0.4,0.45,1.2875185012817383,0.12875184416770935,0.1438513845205307
0.4,0.45,1.283349633216858,0.12833496928215027,0.1436508744955063
0.4,0.45,1.2919586896896362,0.12919586896896362,0.1441567838191986
0.4,0.45,1.2915595769882202,0.1291559636592865,0.1441490650177002
0.4,0.5236,1.20066237449646,0.12006624042987823,0.14097341895103455
0.4,0.5236,1.1957147121429443,0.11957146972417831,0.1405719816684723
0.4,0.5236,1.1998463869094849,0.11998464167118073,0.1409558653831482
0.4,0.5236,1.2016332149505615,0.12016332149505615,0.14107200503349304
0.55,0.0,2.1840734481811523,0.21840734779834747,0.21840734779834747
0.55,0.0,2.184312582015991,0.2184312641620636,0.21843159198760986
0.55,0.0,2.183302402496338,0.2183302342891693,0.21833069622516632
0.55,0.0,2.18418550491333,0.21841855347156525,0.21841874718666077
0.55,0.3,2.03261399269104,0.20326140522956848,0.20918743312358856
0.55,0.3,2.032074213027954,0.20320741832256317,0.20919354259967804
0.55,0.3,2.0330779552459717,0.20330779254436493,0.20922479033470154
0.55,0.3,2.03249454498291,0.20324945449829102,0.20919987559318542
0.55,0.45,1.866848349571228,0.18668483197689056,0.19780439138412476
0.55,0.45,1.8664263486862183,0.1866426318883896,0.1977965533733368
0.55,0.45,1.8669757843017578,0.1866975724697113,0.19778180122375488
0.55,0.45,1.8663359880447388,0.18663360178470612,0.19778236746788025
0.55,0.5236,1.7436736822128296,0.17436736822128296,0.19198384881019592
0.55,0.5236,1.7478588819503784,0.17478588223457336,0.1921323984861374
0.55,0.5236,1.7444700002670288,0.17444700002670288,0.19204191863536835
0.55,0.5236,1.744860291481018,0.17448602616786957,0.19205540418624878
0.8,0.0,3.1767706871032715,0.3176770806312561,0.31767743825912476
0.8,0.0,3.1766371726989746,0.3176637291908264,0.31766369938850403
0.8,0.0,3.1769089698791504,0.317690908908844,0.31769105792045593
0.8,0.0,3.1763744354248047,0.31763744354248047,0.3176376223564148
0.8,0.3,2.966867208480835,0.29668670892715454,0.30450761318206787
0.8,0.3,2.9674203395843506,0.2967420220375061,0.30451706051826477
0.8,0.3,2.9681077003479004,0.2968107759952545,0.3045044243335724
0.8,0.3,2.9684557914733887,0.29684558510780334,0.3045298159122467
0.8,0.45,2.7227680683135986,0.2722768187522888,0.28793269395828247
0.8,0.45,2.724210739135742,0.27242106199264526,0.2879348695278168
0.8,0.45,2.7249913215637207,0.272499144077301,0.2879616916179657
0.8,0.45,2.7236297130584717,0.27236297726631165,0.28794509172439575
0.8,0.5236,2.5544748306274414,0.25544747710227966,0.2782423794269562
0.8,0.5236,2.552539110183716,0.2552539110183716,0.2782471477985382
0.8,0.5236,2.555001974105835,0.2555001974105835,0.2782600224018097
0.8,0.5236,2.5547266006469727,0.25547266006469727,0.2782522439956665
