x,y,yaw
0.000000000,0.000000000,0.000000000
0.050000000,0.000000000,0.000000000
0.100000000,0.000000000,0.000000000
0.150000000,0.000000000,0.000000000
0.200000000,0.000000000,0.000000000
0.250000000,0.000000000,0.000000000
0.300000000,0.000000000,0.000000000
0.350000000,0.000000000,0.000000000
0.400000000,0.000000000,0.000000000
0.450000000,0.000000000,0.000000000
0.500000000,0.000000000,0.000000000
0.550000000,0.000000000,0.000000000
0.600000000,0.000000000,0.000000000
0.650000000,0.000000000,0.000000000
0.700000000,0.000000000,0.000000000
0.750000000,-0.000000000,-0.000000000
0.800000000,-0.000000000,-0.000000000
0.850000000,-0.000000000,-0.000000000
0.900000000,-0.000000000,-0.000000000
0.950000000,-0.000000000,-0.000000000
1.000000000,-0.000000000,-0.000000000
1.050000000,-0.000000000,-0.000000000
1.100000000,-0.000000000,-0.000000000
1.150000000,-0.000000000,-0.000000000
1.200000000,-0.000000000,-0.000000000
1.250000000,-0.000000000,-0.000000000
1.300000000,-0.000000000,-0.000000000
1.350000000,-0.000000000,-0.000000000
1.400000000,-0.000000000,-0.000000000
1.450000000,-0.000000000,-0.000000000
1.500000000,-0.000000000,-0.000000000
1.550000000,-0.000000000,-0.000000000
1.600000000,-0.000000000,-0.000000000
1.650000000,-0.000000000,-0.000000000
1.700000000,-0.000000000,-0.000000000
1.750000000,-0.000000000,-0.000000000
1.800000000,-0.000000000,-0.000000000
1.850000000,-0.000000000,-0.000000000
1.900000000,-0.000000000,-0.000000000
1.950000000,-0.000000000,-0.000000000
2.000000000,-0.000000000,-0.000000000
2.050000000,-0.000000000,-0.000000000
2.100000000,-0.000000000,-0.000000000
2.150000000,-0.000000000,-0.000000000
2.200000000,-0.000000000,-0.000000000
2.250000000,-0.000000000,-0.000000000
2.300000000,-0.000000000,-0.000000000
2.350000000,-0.000000000,-0.000000000
2.400000000,-0.000000000,-0.000000000
2.450000000,-0.000000000,-0.000000000
2.500000000,-0.000000000,-0.000000000
2.550000000,-0.000000000,-0.000000000
2.600000000,-0.000000000,-0.000000000
2.650000000,-0.000000000,-0.000000000
2.700000000,-0.000000000,-0.000000000
2.750000000,-0.000000000,-0.000000000
2.800000000,-0.000000000,-0.000000000
2.850000000,-0.000000000,-0.000000000
2.900000000,-0.000000000,-0.000000000
2.950000000,-0.000000000,-0.000000000
3.000000000,-0.000000001,-0.000000000
3.050000000,-0.000000001,-0.000000000
3.100000000,-0.000000001,-0.000000000
3.150000000,-0.000000001,-0.000000000
3.200000000,-0.000000001,-0.000000000
3.250000000,-0.000000001,-0.000000000
3.300000000,-0.000000001,-0.000000000
3.350000000,-0.000000001,-0.000000000
3.400000000,-0.000000001,0.000000000
3.450000000,-0.000000001,0.000000000
3.500000000,-0.000000001,0.000000000
3.550000000,-0.000000001,0.000000000
3.600000000,-0.000000001,0.000000000
3.650000000,-0.000000001,0.000000000
3.700000000,-0.000000001,0.000000000
3.750000000,-0.000000001,0.000000000
3.800000000,-0.000000001,0.000000000
3.850000000,-0.000000001,0.000000000
3.900000000,-0.000000001,0.000000000
3.950000000,-0.000000001,0.000000000
4.000000000,-0.000000001,0.000000000
4.050000000,-0.000000001,0.000000000
4.100000000,-0.000000001,0.000000000
4.150000000,-0.000000001,-0.000000000
4.200000000,-0.000000001,-0.000000000
4.250000000,-0.000000001,-0.000000000
4.300000000,-0.000000001,-0.000000000
4.350000000,-0.000000001,-0.000000000
4.400000000,-0.000000001,-0.000000000
4.450000000,-0.000000001,-0.000000000
4.500000000,-0.000000001,-0.000000000
4.550000000,-0.000000001,-0.000000000
4.600000000,-0.000000001,-0.000000000
4.650000000,-0.000000001,-0.000000000
4.699999971,-0.000031242,-0.000624835
4.749999885,-0.000123851,-0.001852171
4.799999800,-0.000216459,-0.001852171
4.849999714,-0.000309068,-0.001852171
4.899999628,-0.000401676,-0.001852171
4.949999542,-0.000494285,-0.001852171
4.999998432,-0.000728744,-0.004689252
5.049994470,-0.001358195,-0.012589359
5.099990508,-0.001987646,-0.012589359
5.149986545,-0.002617098,-0.012589359
5.199982583,-0.003246549,-0.012589359
5.249978621,-0.003876000,-0.012589359
5.299974659,-0.004505452,-0.012589359
5.349969824,-0.005199807,-0.013887563
5.399964711,-0.005914793,-0.014300201
5.449959599,-0.006629779,-0.014300201
5.499954487,-0.007344764,-0.014300201
5.549949375,-0.008059750,-0.014300201
5.599944262,-0.008774736,-0.014300201
5.649941236,-0.009322351,-0.010952523
5.699938411,-0.009853861,-0.010630401
5.749935586,-0.010385371,-0.010630401
5.799932761,-0.010916881,-0.010630401
5.849929936,-0.011448391,-0.010630401
5.899927111,-0.011979901,-0.010630401
5.949920764,-0.011904643,0.001505354
5.999908401,-0.010792807,0.022238543
6.049896037,-0.009680972,0.022238543
6.099883674,-0.008569136,0.022238543
6.149871311,-0.007457301,0.022238543
6.199858947,-0.006345465,0.022238543
6.249846584,-0.005233630,0.022238543
6.299750304,-0.002531843,0.054087187
6.349577254,0.001624482,0.083222521
6.399404204,0.005780806,0.083222521
6.449231155,0.009937130,0.083222521
6.499058105,0.014093455,0.083222521
6.548885055,0.018249779,0.083222521
6.598712005,0.022406104,0.083222521
6.648537605,0.026574533,0.083466030
6.698055515,0.033501044,0.138977163
6.747573426,0.040427554,0.138977163
6.797091336,0.047354065,0.138977163
6.846609247,0.054280575,0.138977163
6.896127157,0.061207086,0.138977163
6.945645068,0.068133597,0.138977163
6.994913983,0.076537124,0.168938750
7.043965960,0.086227505,0.195041867
7.093017938,0.095917885,0.195041867
7.142069916,0.105608266,0.195041867
7.191121894,0.115298646,0.195041867
7.240173872,0.124989026,0.195041867
7.289093463,0.135283880,0.207417775
7.337705513,0.146982966,0.236171087
7.386317563,0.158682052,0.236171087
7.434929613,0.170381139,0.236171087
7.483541662,0.182080225,0.236171087
7.532153712,0.193779311,0.236171087
7.580757488,0.205509756,0.236819585
7.628813130,0.219317553,0.279792196
7.676868772,0.233125349,0.279792196
7.724924414,0.246933146,0.279792196
7.772980057,0.260740942,0.279792196
7.821035699,0.274548739,0.279792196
7.869091341,0.288356536,0.279792196
7.917044360,0.302506390,0.286934599
7.964764375,0.317432884,0.303151921
8.012484389,0.332359378,0.303151921
8.060204404,0.347285872,0.303151921
8.107924418,0.362212366,0.303151921
8.155644433,0.377138860,0.303151921
8.203364447,0.392065354,0.303151921
8.250654200,0.408292305,0.330549406
8.297860182,0.424772452,0.335882973
8.345066165,0.441252598,0.335882973
8.392272147,0.457732745,0.335882973
8.439478130,0.474212891,0.335882973
8.486671735,0.490727432,0.336614010
8.533554069,0.508106924,0.354999448
8.580436403,0.525486416,0.354999448
8.627318737,0.542865909,0.354999448
8.674201071,0.560245401,0.354999448
8.721083405,0.577624894,0.354999448
8.767921233,0.595122828,0.357530004
8.814647412,0.612917888,0.363878230
8.861373591,0.630712948,0.363878230
8.908099771,0.648508008,0.363878230
8.954825950,0.666303068,0.363878230
9.001552130,0.684098128,0.363878230
9.048130041,0.702276565,0.372099272
9.094670562,0.720551682,0.374172431
9.141211083,0.738826799,0.374172431
9.187751604,0.757101916,0.374172431
9.234292125,0.775377034,0.374172431
9.280832646,0.793652151,0.374172431
9.327288372,0.812141362,0.378777931
9.373720768,0.830689476,0.380045026
9.420153165,0.849237590,0.380045026
9.466585562,0.867785704,0.380045026
9.513017959,0.886333819,0.380045026
9.559450355,0.904881933,0.380045026
9.605881115,0.923434138,0.380133150
9.652292585,0.942034553,0.381171679
9.698704055,0.960634969,0.381171679
9.745115525,0.979235384,0.381171679
9.791526995,0.997835800,0.381171679
9.837938465,1.016436216,0.381171679
9.884349935,1.035036631,0.381171679
9.930761404,1.053637047,0.381171679
9.977154528,1.072283105,0.382155511
10.023528125,1.090977745,0.383202707
10.069901721,1.109672385,0.383202707
10.116275317,1.128367025,0.383202707
10.162648913,1.147061665,0.383202707
10.209022510,1.165756306,0.383202707
10.255396106,1.184450946,0.383202707
10.301769702,1.203145586,0.383202707
10.348128519,1.221876841,0.383992410
10.394485025,1.240613817,0.384115824
10.440841532,1.259350794,0.384115824
10.487198038,1.278087771,0.384115824
10.533554545,1.296824748,0.384115824
10.579911051,1.315561725,0.384115824
10.626267558,1.334298702,0.384115824
10.672889345,1.352365302,0.369696558
10.719514670,1.370422962,0.369504252
10.766139995,1.388480621,0.369504252
10.812765320,1.406538280,0.369504252
10.859390645,1.424595940,0.369504252
10.906015970,1.442653599,0.369504252
10.952771652,1.460358052,0.361974570
10.999949004,1.476919982,0.337615977
11.047126355,1.493481912,0.337615977
11.094303706,1.510043842,0.337615977
11.141481058,1.526605772,0.337615977
11.188658409,1.543167702,0.337615977
11.235835760,1.559729632,0.337615977
11.283064109,1.576142613,0.334467264
11.330492319,1.591971854,0.322126947
11.377920529,1.607801095,0.322126947
11.425348740,1.623630336,0.322126947
11.472776950,1.639459577,0.322126947
11.520205160,1.655288818,0.322126947
11.567633370,1.671118059,0.322126947
11.615061581,1.686947300,0.322126947
11.662844486,1.701669962,0.298885642
11.710637147,1.716362192,0.298246530
11.758429807,1.731054422,0.298246530
11.806222467,1.745746652,0.298246530
11.854015127,1.760438882,0.298246530
11.901807788,1.775131112,0.298246530
11.949600448,1.789823342,0.298246530
11.997546959,1.803999463,0.287475308
12.045583500,1.817873566,0.281172245
12.093620041,1.831747668,0.281172245
12.141656582,1.845621771,0.281172245
12.189693123,1.859495873,0.281172245
12.237729664,1.873369976,0.281172245
12.285766205,1.887244078,0.281172245
12.333802746,1.901118181,0.281172245
12.382027360,1.914311938,0.267054584
12.430369533,1.927080424,0.258230085
12.478711707,1.939848910,0.258230085
12.527053881,1.952617396,0.258230085
12.575396054,1.965385882,0.258230085
12.623738228,1.978154368,0.258230085
12.672080402,1.990922855,0.258230085
12.720422576,2.003691341,0.258230085
12.768921994,2.015838395,0.245409415
12.817519189,2.027599036,0.237437535
12.866116383,2.039359678,0.237437535
12.914713578,2.051120319,0.237437535
12.963310772,2.062880960,0.237437535
13.011907966,2.074641602,0.237437535
13.060505161,2.086402243,0.237437535
13.109102355,2.098162885,0.237437535
13.157812315,2.109428247,0.227278343
13.206710850,2.119865358,0.210288664
13.255609385,2.130302469,0.210288664
13.304507920,2.140739580,0.210288664
13.353406454,2.151176690,0.210288664
13.402304989,2.161613801,0.210288664
13.451203524,2.172050912,0.210288664
13.500102059,2.182488022,0.210288664
13.549000594,2.192925133,0.210288664
13.598115965,2.202255008,0.187721745
13.647339301,2.211033569,0.176485972
13.696562638,2.219812130,0.176485972
13.745785974,2.228590691,0.176485972
13.795009311,2.237369252,0.176485972
13.844232648,2.246147813,0.176485972
13.893455984,2.254926374,0.176485972
13.942679321,2.263704935,0.176485972
13.991902657,2.272483496,0.176485972
14.041125994,2.281262057,0.176485972
14.090639403,2.288166671,0.138555870
14.140213201,2.294681165,0.130661331
14.189786998,2.301195658,0.130661331
14.239360795,2.307710151,0.130661331
14.288934593,2.314224644,0.130661331
14.338508390,2.320739138,0.130661331
14.388082187,2.327253631,0.130661331
14.437655984,2.333768124,0.130661331
14.487229782,2.340282617,0.130661331
14.536822292,2.346616211,0.127025065
14.586679887,2.350387181,0.075491088
14.636537482,2.354158151,0.075491088
14.686395077,2.357929122,0.075491088
14.736252672,2.361700092,0.075491088
14.786110267,2.365471062,0.075491088
14.835967862,2.369242033,0.075491088
14.885825457,2.373013003,0.075491088
14.935683052,2.376783973,0.075491088
14.985540647,2.380554943,0.075491088
15.035411158,2.384022541,0.069420286
15.085408852,2.384502732,0.009603973
15.135406546,2.384982923,0.009603973
15.185404240,2.385463114,0.009603973
15.235401934,2.385943306,0.009603973
15.285399628,2.386423497,0.009603973
15.335397322,2.386903688,0.009603973
15.385395017,2.387383880,0.009603973
15.435392711,2.387864071,0.009603973
15.485390405,2.388344262,0.009603973
15.535388099,2.388824454,0.009603973
15.585288492,2.385987868,-0.056783838
15.635172053,2.382577547,-0.068259413
15.685055615,2.379167226,-0.068259413
15.734939176,2.375756906,-0.068259413
15.784822738,2.372346585,-0.068259413
15.834706299,2.368936264,-0.068259413
15.884589861,2.365525943,-0.068259413
15.934473422,2.362115622,-0.068259413
15.984356984,2.358705301,-0.068259413
16.034240545,2.355294980,-0.068259413
16.083632911,2.347560548,-0.155330225
16.133010423,2.339695348,-0.157960082
16.182387934,2.331830147,-0.157960082
16.231765445,2.323964946,-0.157960082
16.281142956,2.316099746,-0.157960082
16.330520468,2.308234545,-0.157960082
16.379897979,2.300369344,-0.157960082
16.429275490,2.292504143,-0.157960082
16.478653001,2.284638943,-0.157960082
16.527817220,2.275713044,-0.179596540
16.576396908,2.263880297,-0.238921546
16.624976596,2.252047550,-0.238921546
16.673556284,2.240214802,-0.238921546
16.722135972,2.228382055,-0.238921546
16.770715660,2.216549308,-0.238921546
16.819295348,2.204716561,-0.238921546
16.867875036,2.192883813,-0.238921546
16.916454724,2.181051066,-0.238921546
16.964731342,2.168117239,-0.261763572
17.012523611,2.153423737,-0.298273143
17.060315880,2.138730235,-0.298273143
17.108108149,2.124036733,-0.298273143
17.155900419,2.109343231,-0.298273143
17.203692688,2.094649730,-0.298273143
17.251484957,2.079956228,-0.298273143
17.299277227,2.065262726,-0.298273143
17.347069496,2.050569224,-0.298273143
17.394557814,2.034971067,-0.317360906
17.441526495,2.017826300,-0.349997364
17.488495176,2.000681533,-0.349997364
17.535463857,1.983536767,-0.349997364
17.582432538,1.966392000,-0.349997364
17.629401218,1.949247234,-0.349997364
17.676369899,1.932102467,-0.349997364
17.723338580,1.914957701,-0.349997364
17.770307261,1.897812934,-0.349997364
17.816679095,1.879117145,-0.383237191
17.863024898,1.860353708,-0.384686703
17.909370700,1.841590270,-0.384686703
17.955716503,1.822826832,-0.384686703
18.002062305,1.804063394,-0.384686703
18.048408108,1.785299957,-0.384686703
18.094753910,1.766536519,-0.384686703
18.141099712,1.747773081,-0.384686703
18.186994586,1.727980218,-0.407165367
18.232210018,1.706636255,-0.441038987
18.277425449,1.685292292,-0.441038987
18.322640881,1.663948329,-0.441038987
18.367856312,1.642604366,-0.441038987
18.413071743,1.621260403,-0.441038987
18.458287175,1.599916440,-0.441038987
18.503502606,1.578572477,-0.441038987
18.549122440,1.558117878,-0.421498200
18.594928753,1.538073384,-0.412487996
18.640735065,1.518028890,-0.412487996
18.686541378,1.497984395,-0.412487996
18.732347690,1.477939901,-0.412487996
18.778154002,1.457895407,-0.412487996
18.823960315,1.437850913,-0.412487996
18.869710567,1.417681742,-0.415221922
18.915103950,1.396718900,-0.432626604
18.960497333,1.375756057,-0.432626604
19.005890716,1.354793214,-0.432626604
19.051284099,1.333830371,-0.432626604
19.096677482,1.312867529,-0.432626604
19.142070865,1.291904686,-0.432626604
19.187464248,1.270941843,-0.432626604
19.232785131,1.249827006,-0.435994478
19.277642496,1.227740433,-0.457527735
19.322499862,1.205653859,-0.457527735
19.367357228,1.183567285,-0.457527735
19.412214594,1.161480711,-0.457527735
19.457071959,1.139394138,-0.457527735
19.501929325,1.117307564,-0.457527735
19.546786691,1.095220990,-0.457527735
19.591443276,1.072743156,-0.466322988
19.635543066,1.049180292,-0.490715729
19.679642855,1.025617428,-0.490715729
19.723742645,1.002054564,-0.490715729
19.767842435,0.978491700,-0.490715729
19.811942224,0.954928836,-0.490715729
19.856042014,0.931365972,-0.490715729
19.900141804,0.907803108,-0.490715729
19.944484069,0.884702383,-0.480277827
19.988933118,0.861805176,-0.475681206
20.033382167,0.838907970,-0.475681206
20.077831215,0.816010763,-0.475681206
20.122280264,0.793113556,-0.475681206
20.166729313,0.770216350,-0.475681206
20.211178362,0.747319143,-0.475681206
20.255615276,0.724399061,-0.476199068
20.299501770,0.700441272,-0.499692629
20.343388264,0.676483483,-0.499692629
20.387274759,0.652525695,-0.499692629
20.431161253,0.628567906,-0.499692629
20.475047747,0.604610117,-0.499692629
20.518934241,0.580652329,-0.499692629
20.562820735,0.556694540,-0.499692629
20.607200022,0.533669411,-0.478594748
20.651722063,0.510914458,-0.472483452
20.696244104,0.488159506,-0.472483452
20.740766145,0.465404553,-0.472483452
20.785288186,0.442649600,-0.472483452
20.829810227,0.419894648,-0.472483452
20.874332267,0.397139695,-0.472483452
20.918749674,0.374182629,-0.477035303
20.963031566,0.350963800,-0.482930567
21.007313458,0.327744970,-0.482930567
21.051595351,0.304526141,-0.482930567
21.095877243,0.281307312,-0.482930567
21.140159135,0.258088482,-0.482930567
21.184441027,0.234869653,-0.482930567
21.228661603,0.211534600,-0.485558686
21.272825581,0.188092266,-0.487984613
21.316989559,0.164649931,-0.487984613
21.361153537,0.141207596,-0.487984613
21.405317515,0.117765262,-0.487984613
21.449481493,0.094322927,-0.487984613
21.493645471,0.070880593,-0.487984613
21.537743229,0.047314506,-0.490791716
21.581749332,0.023577133,-0.494677085
21.625755435,-0.000160241,-0.494677085
21.669761538,-0.023897614,-0.494677085
21.713767641,-0.047634988,-0.494677085
21.757773744,-0.071372362,-0.494677085
21.801779847,-0.095109735,-0.494677085
21.845663210,-0.119072824,-0.499815681
21.889507792,-0.143107229,-0.501439248
21.933352374,-0.167141634,-0.501439248
21.977196956,-0.191176039,-0.501439248
22.021041538,-0.215210444,-0.501439248
22.064886120,-0.239244849,-0.501439248
22.108730702,-0.263279254,-0.501439248
22.152629036,-0.287215236,-0.499196353
22.196548921,-0.311111756,-0.498297103
22.240468806,-0.335008277,-0.498297103
22.284388691,-0.358904798,-0.498297103
22.328308576,-0.382801318,-0.498297103
22.372228461,-0.406697839,-0.498297103
22.416159432,-0.430573961,-0.497832779
22.460102685,-0.454427484,-0.497318361
22.504045937,-0.478281007,-0.497318361
22.547989190,-0.502134530,-0.497318361
22.591932442,-0.525988052,-0.497318361
22.635875695,-0.549841575,-0.497318361
22.679818947,-0.573695098,-0.497318361
22.723776836,-0.597521340,-0.496699181
22.767952560,-0.620941532,-0.487483310
22.812128284,-0.644361724,-0.487483310
22.856304008,-0.667781916,-0.487483310
22.900479732,-0.691202108,-0.487483310
22.944655456,-0.714622300,-0.487483310
22.988831180,-0.738042493,-0.487483310
23.033006905,-0.761462685,-0.487483310
23.077424747,-0.784419559,-0.477027901
23.121875547,-0.807313366,-0.475604720
23.166326347,-0.830207173,-0.475604720
23.210777147,-0.853100979,-0.475604720
23.255227946,-0.875994786,-0.475604720
23.299678746,-0.898888593,-0.475604720
23.344129546,-0.921782400,-0.475604720
23.388777226,-0.944286724,-0.466876300
23.433569756,-0.966504492,-0.460454568
23.478362286,-0.988722261,-0.460454568
23.523154816,-1.010940030,-0.460454568
23.567947346,-1.033157799,-0.460454568
23.612739876,-1.055375568,-0.460454568
23.657532406,-1.077593337,-0.460454568
23.702573721,-1.099301941,-0.449120590
23.747627764,-1.120984497,-0.448540783
23.792681806,-1.142667053,-0.448540783
23.837735849,-1.164349609,-0.448540783
23.882789892,-1.186032166,-0.448540783
23.927857534,-1.207685975,-0.447904757
23.973196173,-1.228766957,-0.435230750
24.018534812,-1.249847940,-0.435230750
24.063873451,-1.270928922,-0.435230750
24.109212090,-1.292009905,-0.435230750
24.154550729,-1.313090887,-0.435230750
24.199889368,-1.334171870,-0.435230750
24.245434166,-1.354797917,-0.425241236
24.291175231,-1.374990861,-0.415731113
24.336916296,-1.395183805,-0.415731113
24.382657361,-1.415376748,-0.415731113
24.428398426,-1.435569692,-0.415731113
24.474139491,-1.455762636,-0.415731113
24.520042921,-1.475569367,-0.407352286
24.566472235,-1.494125196,-0.380211184
24.612901549,-1.512681025,-0.380211184
24.659330864,-1.531236854,-0.380211184
24.705760178,-1.549792683,-0.380211184
24.752189492,-1.568348512,-0.380211184
24.798618806,-1.586904341,-0.380211184
24.845448455,-1.604406208,-0.357660943
24.892488683,-1.621353684,-0.345800107
24.939528911,-1.638301161,-0.345800107
24.986569139,-1.655248637,-0.345800107
25.033609367,-1.672196114,-0.345800107
25.080649595,-1.689143590,-0.345800107
25.127689822,-1.706091067,-0.345800107
25.174992140,-1.722263818,-0.329442327
25.222659969,-1.737356137,-0.306628769
25.270327798,-1.752448455,-0.306628769
25.317995627,-1.767540774,-0.306628769
25.365663456,-1.782633093,-0.306628769
25.413331285,-1.797725411,-0.306628769
25.460999114,-1.812817730,-0.306628769
25.508666943,-1.827910049,-0.306628769
25.556632215,-1.842010726,-0.285921814
25.604737238,-1.855645490,-0.276193372
25.652842260,-1.869280254,-0.276193372
25.700947283,-1.882915017,-0.276193372
25.749052306,-1.896549781,-0.276193372
25.797157329,-1.910184545,-0.276193372
25.845262352,-1.923819309,-0.276193372
25.893367374,-1.937454072,-0.276193372
25.941621621,-1.950540045,-0.264818791
25.990007369,-1.963142401,-0.254795081
26.038393117,-1.975744757,-0.254795081
26.086778865,-1.988347112,-0.254795081
26.135164614,-2.000949468,-0.254795081
26.183550362,-2.013551823,-0.254795081
26.231936110,-2.026154179,-0.254795081
26.280321858,-2.038756534,-0.254795081
26.328879507,-2.050659897,-0.240398183
26.377591346,-2.061936277,-0.227484556
26.426303185,-2.073212657,-0.227484556
26.475015024,-2.084489037,-0.227484556
26.523726862,-2.095765417,-0.227484556
26.572438701,-2.107041797,-0.227484556
26.621150540,-2.118318177,-0.227484556
26.669862379,-2.129594557,-0.227484556
26.718574218,-2.140870937,-0.227484556
26.767410030,-2.151565266,-0.215582315
26.816489072,-2.161117626,-0.192228900
26.865568115,-2.170669987,-0.192228900
26.914647157,-2.180222348,-0.192228900
26.963726200,-2.189774708,-0.192228900
27.012805242,-2.199327069,-0.192228900
27.061884284,-2.208879430,-0.192228900
27.110963327,-2.218431790,-0.192228900
27.160042369,-2.227984151,-0.192228900
27.209121412,-2.237536511,-0.192228900
27.258550072,-2.245018535,-0.150229665
27.308044307,-2.252112240,-0.142354424
27.357538543,-2.259205946,-0.142354424
27.407032778,-2.266299652,-0.142354424
27.456527014,-2.273393357,-0.142354424
27.506021249,-2.280487063,-0.142354424
27.555515485,-2.287580769,-0.142354424
27.605009720,-2.294674474,-0.142354424
27.654503955,-2.301768180,-0.142354424
27.704011744,-2.308742048,-0.139943289
27.753840144,-2.312880949,-0.082872840
27.803668545,-2.317019849,-0.082872840
27.853496945,-2.321158750,-0.082872840
27.903325346,-2.325297650,-0.082872840
27.953153746,-2.329436551,-0.082872840
28.002982147,-2.333575452,-0.082872840
28.052810547,-2.337714352,-0.082872840
28.102638948,-2.341853253,-0.082872840
28.152467348,-2.345992153,-0.082872840
28.202369556,-2.348541169,-0.051035852
28.252367103,-2.349036459,-0.009905966
28.302364649,-2.349531749,-0.009905966
28.352362196,-2.350027039,-0.009905966
28.402359743,-2.350522329,-0.009905966
28.452357290,-2.351017619,-0.009905966
28.502354837,-2.351512910,-0.009905966
28.552352384,-2.352008200,-0.009905966
28.602349930,-2.352503490,-0.009905966
28.652347477,-2.352998780,-0.009905966
28.702252518,-2.350269698,0.054631092
28.752139430,-2.346908754,0.067269607
28.802026343,-2.343547809,0.067269607
28.851913256,-2.340186865,0.067269607
28.901800168,-2.336825921,0.067269607
28.951687081,-2.333464977,0.067269607
29.001573994,-2.330104033,0.067269607
29.051460906,-2.326743088,0.067269607
29.101347819,-2.323382144,0.067269607
29.151234732,-2.320021200,0.067269607
29.200954827,-2.315243181,0.095804163
29.250258464,-2.306927449,0.167091058
29.299562101,-2.298611718,0.167091058
29.348865737,-2.290295987,0.167091058
29.398169374,-2.281980255,0.167091058
29.447473011,-2.273664524,0.167091058
29.496776648,-2.265348792,0.167091058
29.546080285,-2.257033061,0.167091058
29.595383922,-2.248717329,0.167091058
29.644493265,-2.239453017,0.186455415
29.693095944,-2.227715061,0.236970762
29.741698623,-2.215977104,0.236970762
29.790301302,-2.204239148,0.236970762
29.838903980,-2.192501192,0.236970762
29.887506659,-2.180763235,0.236970762
29.936109338,-2.169025279,0.236970762
29.984712017,-2.157287323,0.236970762
30.033314695,-2.145549366,0.236970762
30.081917374,-2.133811410,0.236970762
30.129723212,-2.119221708,0.296208344
30.177370685,-2.104065246,0.307974674
30.225018158,-2.088908785,0.307974674
30.272665631,-2.073752324,0.307974674
30.320313104,-2.058595862,0.307974674
30.367960577,-2.043439401,0.307974674
30.415608050,-2.028282940,0.307974674
30.463255523,-2.013126479,0.307974674
30.510649045,-1.997236342,0.323502218
30.557470592,-1.979693745,0.358480726
30.604292139,-1.962151148,0.358480726
30.651113687,-1.944608551,0.358480726
30.697935234,-1.927065954,0.358480726
30.744756781,-1.909523356,0.358480726
30.791578328,-1.891980759,0.358480726
30.838399876,-1.874438162,0.358480726
30.885221423,-1.856895565,0.358480726
30.931816929,-1.838788846,0.370634820
30.977797028,-1.819146278,0.403730206
31.023777127,-1.799503709,0.403730206
31.069757226,-1.779861140,0.403730206
31.115737325,-1.760218572,0.403730206
31.161717424,-1.740576003,0.403730206
31.207697523,-1.720933435,0.403730206
31.253677622,-1.701290866,0.403730206
31.299657721,-1.681648297,0.403730206
31.345110926,-1.660818915,0.429701603
31.390519459,-1.639888909,0.431903343
31.435927992,-1.618958903,0.431903343
31.481336525,-1.598028897,0.431903343
31.526745057,-1.577098891,0.431903343
31.572153590,-1.556168885,0.431903343
31.617562123,-1.535238879,0.431903343
31.662970656,-1.514308873,0.431903343
31.708355056,-1.493328462,0.433020932
31.753132419,-1.471080142,0.461136734
31.797909783,-1.448831823,0.461136734
31.842687146,-1.426583503,0.461136734
31.887464510,-1.404335183,0.461136734
31.932241873,-1.382086864,0.461136734
31.977019236,-1.359838544,0.461136734
32.021796600,-1.337590224,0.461136734
32.066573963,-1.315341905,0.461136734
32.111170474,-1.292733808,0.469190276
32.155738912,-1.270069864,0.470440396
32.200307349,-1.247405920,0.470440396
32.244875787,-1.224741975,0.470440396
32.289444225,-1.202078031,0.470440396
32.334012662,-1.179414087,0.470440396
32.378581100,-1.156750143,0.470440396
32.423149537,-1.134086198,0.470440396
32.467714175,-1.111414794,0.470607843
32.512253910,-1.088694493,0.471705302
32.556793644,-1.065974192,0.471705302
32.601333378,-1.043253891,0.471705302
32.645873112,-1.020533590,0.471705302
32.690412846,-0.997813289,0.471705302
32.734952581,-0.975092988,0.471705302
32.779492315,-0.952372687,0.471705302
32.824021424,-0.929631690,0.472170593
32.868442648,-0.906680550,0.476894954
32.912863873,-0.883729410,0.476894954
32.957285097,-0.860778271,0.476894954
33.001706322,-0.837827131,0.476894954
33.046127546,-0.814875991,0.476894954
33.090548771,-0.791924851,0.476894954
33.134969995,-0.768973712,0.476894954
33.179391220,-0.746022572,0.476894954
33.223828436,-0.723102434,0.476197285
33.268279690,-0.700209508,0.475584915
33.312730943,-0.677316581,0.475584915
33.357182196,-0.654423655,0.475584915
33.401633449,-0.631530728,0.475584915
33.446084703,-0.608637802,0.475584915
33.490535956,-0.585744875,0.475584915
33.534987209,-0.562851949,0.475584915
33.579844622,-0.540786230,0.457153055
33.625140383,-0.519613274,0.437260291
33.670436144,-0.498440319,0.437260291
33.715731905,-0.477267363,0.437260291
33.761027666,-0.456094407,0.437260291
33.806323426,-0.434921452,0.437260291
33.851619187,-0.413748496,0.437260291
33.896914948,-0.392575540,0.437260291
33.942210709,-0.371402585,0.437260291
33.987585108,-0.350398814,0.433528939
34.032971994,-0.329421909,0.432936398
34.078358881,-0.308445005,0.432936398
34.123745768,-0.287468101,0.432936398
34.169132655,-0.266491196,0.432936398
34.214519541,-0.245514292,0.432936398
34.259906428,-0.224537388,0.432936398
34.305371267,-0.203733036,0.429149553
34.351113094,-0.183541819,0.415693364
34.396854921,-0.163350602,0.415693364
34.442596748,-0.143159385,0.415693364
34.488338576,-0.122968168,0.415693364
34.534080403,-0.102776951,0.415693364
34.579822230,-0.082585734,0.415693364
34.625564057,-0.062394517,0.415693364
34.671305884,-0.042203300,0.415693364
34.717675828,-0.023508424,0.383234379
34.764124460,-0.005001005,0.379168752
34.810573093,0.013506415,0.379168752
34.857021725,0.032013834,0.379168752
34.903470357,0.050521254,0.379168752
34.949918989,0.069028673,0.379168752
34.996367621,0.087536093,0.379168752
35.042818744,0.106037232,0.379033621
35.089323691,0.124402687,0.376114228
35.135828638,0.142768142,0.376114228
35.182333584,0.161133597,0.376114228
35.228838531,0.179499052,0.376114228
35.275343478,0.197864507,0.376114228
35.321848424,0.216229962,0.376114228
35.368353371,0.234595417,0.376114228
35.414858318,0.252960871,0.376114228
35.461535545,0.270883801,0.366616626
35.508216628,0.288796827,0.366404073
35.554897711,0.306709853,0.366404073
35.601578794,0.324622879,0.366404073
35.648259876,0.342535905,0.366404073
35.694940959,0.360448931,0.366404073
35.741622042,0.378361957,0.366404073
35.788339490,0.396178621,0.364344185
35.835216595,0.413572213,0.355300190
35.882093700,0.430965804,0.355300190
35.928970805,0.448359395,0.355300190
35.975847910,0.465752986,0.355300190
36.022725016,0.483146577,0.355300190
36.069602121,0.500540168,0.355300190
36.116479226,0.517933759,0.355300190
36.163310626,0.535449981,0.357917606
36.210136850,0.552980091,0.358214053
36.256963073,0.570510202,0.358214053
36.303789297,0.588040312,0.358214053
36.350615521,0.605570423,0.358214053
36.397441744,0.623100533,0.358214053
36.444267968,0.640630644,0.358214053
36.491057216,0.658258689,0.360307711
36.537784677,0.676050384,0.363806218
36.584512137,0.693842079,0.363806218
36.631239598,0.711633774,0.363806218
36.677967059,0.729425469,0.363806218
36.724694520,0.747217164,0.363806218
36.771421980,0.765008859,0.363806218
36.818144398,0.782813792,0.364089526
36.864863715,0.800626859,0.364263640
36.911583033,0.818439926,0.364263640
36.958302350,0.836252993,0.364263640
37.005021668,0.854066061,0.364263640
37.051740985,0.871879128,0.364263640
37.098460303,0.889692195,0.364263640
37.145203938,0.907441044,0.362890258
37.192004114,0.925040575,0.359696988
37.238804291,0.942640106,0.359696988
37.285604467,0.960239638,0.359696988
37.332404643,0.977839169,0.359696988
37.379204819,0.995438701,0.359696988
37.426004995,1.013038232,0.359696988
37.472942526,1.030265566,0.351762258
37.519956142,1.047286727,0.347366964
37.566969758,1.064307888,0.347366964
37.613983374,1.081329049,0.347366964
37.660996989,1.098350210,0.347366964
37.708010605,1.115371371,0.347366964
37.755024221,1.132392532,0.347366964
37.802037837,1.149413693,0.347366964
37.849343617,1.165600864,0.329692810
37.896701270,1.181639963,0.326554990
37.944058923,1.197679063,0.326554990
37.991416576,1.213718162,0.326554990
38.038774229,1.229757261,0.326554990
38.086131882,1.245796361,0.326554990
38.133489535,1.261835460,0.326554990
38.180859401,1.277836523,0.325756105
38.228701916,1.292365590,0.294834319
38.276544431,1.306894656,0.294834319
38.324386946,1.321423722,0.294834319
38.372229461,1.335952788,0.294834319
38.420071976,1.350481854,0.294834319
38.467914491,1.365010920,0.294834319
38.515757006,1.379539986,0.294834319
38.563599521,1.394069052,0.294834319
38.611941714,1.406826235,0.258011407
38.660326167,1.419433564,0.254897861
38.708710620,1.432040892,0.254897861
38.757095072,1.444648221,0.254897861
38.805479525,1.457255549,0.254897861
38.853863978,1.469862878,0.254897861
38.902248430,1.482470207,0.254897861
38.950632883,1.495077535,0.254897861
38.999017336,1.507684864,0.254897861
39.047899665,1.518150368,0.210911811
39.096884046,1.528176852,0.201898548
39.145868428,1.538203336,0.201898548
39.194852809,1.548229820,0.201898548
39.243837191,1.558256303,0.201898548
39.292821572,1.568282787,0.201898548
39.341805954,1.578309271,0.201898548
39.390790335,1.588335755,0.201898548
39.439774716,1.598362238,0.201898548
39.488827701,1.607972405,0.193463641
39.538439229,1.614193037,0.124735867
39.588050757,1.620413670,0.124735867
39.637662285,1.626634303,0.124735867
39.687273813,1.632854936,0.124735867
39.736885342,1.639075569,0.124735867
39.786496870,1.645296202,0.124735867
39.836108398,1.651516834,0.124735867
39.885719926,1.657737467,0.124735867
39.935369286,1.663472350,0.114998066
39.985345701,1.665007903,0.030715883
40.035322116,1.666543456,0.030715883
40.085298531,1.668079008,0.030715883
40.135274947,1.669614561,0.030715883
40.185251362,1.671150114,0.030715883
40.235227777,1.672685666,0.030715883
40.285204192,1.674221219,0.030715883
40.335180607,1.675756772,0.030715883
40.385157023,1.677292324,0.030715883
40.435072137,1.674967014,-0.046551631
40.484974612,1.671845636,-0.062468195
40.534877087,1.668724257,-0.062468195
40.584779562,1.665602878,-0.062468195
40.634682036,1.662481499,-0.062468195
40.684584511,1.659360121,-0.062468195
40.734486986,1.656238742,-0.062468195
40.784389461,1.653117363,-0.062468195
40.834171436,1.648767099,-0.087164912
40.883729735,1.642135736,-0.133019182
40.933288035,1.635504373,-0.133019182
40.982846334,1.628873011,-0.133019182
41.032404633,1.622241648,-0.133019182
41.081962932,1.615610285,-0.133019182
41.131521232,1.608978923,-0.133019182
41.181079531,1.602347560,-0.133019182
41.230637830,1.595716197,-0.133019182
41.279890760,1.587252515,-0.170179101
41.328921118,1.577453335,-0.197260394
41.377951477,1.567654155,-0.197260394
41.426981836,1.557854976,-0.197260394
41.476012195,1.548055796,-0.197260394
41.525042553,1.538256617,-0.197260394
41.574072912,1.528457437,-0.197260394
41.623103271,1.518658257,-0.197260394
41.671905762,1.507840746,-0.218132154
41.720436564,1.495809070,-0.243018506
41.768967366,1.483777394,-0.243018506
41.817498169,1.471745717,-0.243018506
41.866028971,1.459714041,-0.243018506
41.914559773,1.447682364,-0.243018506
41.963090575,1.435650688,-0.243018506
42.011621377,1.423619011,-0.243018506
42.060152180,1.411587335,-0.243018506
42.108290520,1.398102848,-0.273119498
42.156278305,1.384061035,-0.284665310
42.204266090,1.370019223,-0.284665310
42.252253875,1.355977411,-0.284665310
42.300241660,1.341935599,-0.284665310
42.348229445,1.327893786,-0.284665310
42.396217230,1.313851974,-0.284665310
42.444205015,1.299810162,-0.284665310
42.491939052,1.284941534,-0.301963558
42.539542294,1.269646719,-0.310879703
42.587145536,1.254351905,-0.310879703
42.634748778,1.239057090,-0.310879703
42.682352020,1.223762276,-0.310879703
42.729955262,1.208467461,-0.310879703
42.777558505,1.193172647,-0.310879703
42.825161747,1.177877832,-0.310879703
42.872764989,1.162583018,-0.310879703
42.920033032,1.146281788,-0.332095469
42.967300486,1.129978789,-0.332132771
43.014567940,1.113675790,-0.332132771
43.061835395,1.097372791,-0.332132771
43.109102849,1.081069792,-0.332132771
43.156370303,1.064766793,-0.332132771
43.203637757,1.048463794,-0.332132771
43.250902552,1.032153183,-0.332294043
43.298038886,1.015474875,-0.340083865
43.345175221,0.998796567,-0.340083865
43.392311556,0.982118259,-0.340083865
43.439447890,0.965439952,-0.340083865
43.486584225,0.948761644,-0.340083865
43.533720560,0.932083336,-0.340083865
43.580856895,0.915405028,-0.340083865
43.627988992,0.898714790,-0.340337083
43.675086663,0.881927611,-0.342394520
43.722184334,0.865140432,-0.342394520
43.769282006,0.848353253,-0.342394520
43.816379677,0.831566074,-0.342394520
43.863477348,0.814778895,-0.342394520
43.910575019,0.797991716,-0.342394520
43.957672690,0.781204537,-0.342394520
44.004785306,0.764459350,-0.341503085
44.051898726,0.747716422,-0.341455121
44.099012146,0.730973494,-0.341455121
44.146125567,0.714230566,-0.341455121
44.193238987,0.697487638,-0.341455121
44.240352407,0.680744710,-0.341455121
44.287465827,0.664001781,-0.341455121
44.334592047,0.647294930,-0.340689515
44.381722833,0.630600949,-0.340416401
44.428853619,0.613906968,-0.340416401
44.475984405,0.597212986,-0.340416401
44.523115191,0.580519005,-0.340416401
44.570245977,0.563825024,-0.340416401
44.617392232,0.547175258,-0.339479539
44.664650766,0.530846419,-0.332679498
44.711909300,0.514517580,-0.332679498
44.759167833,0.498188741,-0.332679498
44.806426367,0.481859902,-0.332679498
44.853684901,0.465531062,-0.332679498
44.900943435,0.449202223,-0.332679498
44.948201968,0.432873384,-0.332679498
44.995487203,0.416622121,-0.331038657
45.042784670,0.400406400,-0.330286887
45.090082137,0.384190679,-0.330286887
45.137379604,0.367974958,-0.330286887
45.184677071,0.351759237,-0.330286887
45.231974538,0.335543515,-0.330286887
45.279272005,0.319327794,-0.330286887
45.326450134,0.302780192,-0.337340426
45.373243594,0.285162811,-0.360078418
45.420037054,0.267545430,-0.360078418
45.466830514,0.249928048,-0.360078418
45.513623974,0.232310667,-0.360078418
45.560417433,0.214693286,-0.360078418
45.607210893,0.197075905,-0.360078418
45.654259763,0.180177756,-0.344813198
45.701684139,0.164337033,-0.322369053
45.749108516,0.148496310,-0.322369053
45.796532892,0.132655587,-0.322369053
45.843957269,0.116814863,-0.322369053
45.891381645,0.100974140,-0.322369053
45.938806022,0.085133417,-0.322369053
45.986230398,0.069292694,-0.322369053
46.033505019,0.053011432,-0.331675043
46.080758356,0.036667561,-0.332997594
46.128011693,0.020323690,-0.332997594
46.175265031,0.003979819,-0.332997594
46.222518368,-0.012364052,-0.332997594
46.269771705,-0.028707923,-0.332997594
46.317025042,-0.045051794,-0.332997594
46.364133283,-0.061807765,-0.341735622
46.411202669,-0.078674090,-0.344075493
46.458272054,-0.095540415,-0.344075493
46.505341440,-0.112406740,-0.344075493
46.552410826,-0.129273065,-0.344075493
46.599480212,-0.146139391,-0.344075493
46.646549598,-0.163005716,-0.344075493
46.693595309,-0.179936912,-0.345456606
46.740463951,-0.197353293,-0.355786405
46.787332594,-0.214769675,-0.355786405
46.834201236,-0.232186056,-0.355786405
46.881069879,-0.249602438,-0.355786405
46.927938522,-0.267018819,-0.355786405
46.974807164,-0.284435200,-0.355786405
47.021675807,-0.301851582,-0.355786405
47.068426339,-0.319580575,-0.362470053
47.115102328,-0.337506872,-0.366688370
47.161778316,-0.355433169,-0.366688370
47.208454304,-0.373359465,-0.366688370
47.255130293,-0.391285762,-0.366688370
47.301806281,-0.409212058,-0.366688370
47.348482270,-0.427138355,-0.366688370
47.395158258,-0.445064651,-0.366688370
47.441941847,-0.462706952,-0.360614409
47.488778013,-0.480210480,-0.357646433
47.535614180,-0.497714008,-0.357646433
47.582450346,-0.515217536,-0.357646433
47.629286513,-0.532721065,-0.357646433
47.676122680,-0.550224593,-0.357646433
47.722958846,-0.567728121,-0.357646433
47.769917209,-0.584884493,-0.350286185
47.817390763,-0.600577219,-0.319249976
47.864864317,-0.616269945,-0.319249976
47.912337872,-0.631962671,-0.319249976
47.959811426,-0.647655397,-0.319249976
48.007284980,-0.663348123,-0.319249976
48.054758534,-0.679040850,-0.319249976
48.102235268,-0.694723948,-0.319047192
48.149716013,-0.710394904,-0.318791442
48.197196758,-0.726065861,-0.318791442
48.244677503,-0.741736817,-0.318791442
48.292158248,-0.757407773,-0.318791442
48.339638992,-0.773078730,-0.318791442
48.387119737,-0.788749686,-0.318791442
48.434610638,-0.804389003,-0.318126881
48.482342016,-0.819279118,-0.302389673
48.530073394,-0.834169233,-0.302389673
48.577804772,-0.849059348,-0.302389673
48.625536151,-0.863949463,-0.302389673
48.673267529,-0.878839579,-0.302389673
48.720998907,-0.893729694,-0.302389673
48.768746031,-0.908568620,-0.301318569
48.816594282,-0.923078785,-0.294439271
48.864442533,-0.937588950,-0.294439271
48.912290784,-0.952099115,-0.294439271
48.960139035,-0.966609280,-0.294439271
49.007987286,-0.981119445,-0.294439271
49.055835536,-0.995629610,-0.294439271
49.103683787,-1.010139774,-0.294439271
49.151624258,-1.024342069,-0.288011546
49.199570188,-1.038526136,-0.287630994
49.247516119,-1.052710203,-0.287630994
49.295462049,-1.066894270,-0.287630994
49.343407980,-1.081078337,-0.287630994
49.391353910,-1.095262404,-0.287630994
49.439299840,-1.109446471,-0.287630994
49.487462013,-1.122855636,-0.271540127
49.535824451,-1.135547154,-0.256638284
49.584186888,-1.148238673,-0.256638284
49.632549325,-1.160930192,-0.256638284
49.680911763,-1.173621711,-0.256638284
49.729274200,-1.186313230,-0.256638284
49.777636638,-1.199004749,-0.256638284
49.825999075,-1.211696267,-0.256638284
49.874384322,-1.224300508,-0.254834094
49.922772470,-1.236893644,-0.254604538
49.971160619,-1.249486780,-0.254604538
50.019548768,-1.262079915,-0.254604538
50.067936916,-1.274673051,-0.254604538
50.116325065,-1.287266187,-0.254604538
50.164713214,-1.299859323,-0.254604538
50.213271368,-1.311773056,-0.240597245
50.261887967,-1.323453221,-0.235781867
50.310504567,-1.335133385,-0.235781867
50.359121166,-1.346813550,-0.235781867
50.407737766,-1.358493715,-0.235781867
50.456354366,-1.370173879,-0.235781867
50.504970965,-1.381854044,-0.235781867
50.553763630,-1.392770902,-0.220114587
50.602584435,-1.403565759,-0.217610549
50.651405241,-1.414360616,-0.217610549
50.700226047,-1.425155473,-0.217610549
50.749046852,-1.435950331,-0.217610549
50.797867658,-1.446745188,-0.217610549
50.846688463,-1.457540045,-0.217610549
50.895562063,-1.468089530,-0.212590777
50.944502373,-1.478328967,-0.206247880
50.993442683,-1.488568405,-0.206247880
51.042382993,-1.498807843,-0.206247880
51.091323302,-1.509047280,-0.206247880
51.140263612,-1.519286718,-0.206247880
51.189203922,-1.529526155,-0.206247880
51.238144275,-1.539765385,-0.206243629
51.287093959,-1.549959915,-0.205330366
51.336043643,-1.560154445,-0.205330366
51.384993327,-1.570348974,-0.205330366
51.433943011,-1.580543504,-0.205330366
51.482892695,-1.590738034,-0.205330366
51.531842379,-1.600932564,-0.205330366
51.580792063,-1.611127094,-0.205330366
51.629716700,-1.621440658,-0.207763181
51.678624021,-1.631836521,-0.209445212
51.727531342,-1.642232385,-0.209445212
51.776438663,-1.652628248,-0.209445212
51.825345983,-1.663024111,-0.209445212
51.874253304,-1.673419975,-0.209445212
51.923160625,-1.683815838,-0.209445212
51.972067946,-1.694211702,-0.209445212
52.020999800,-1.704491355,-0.207069779
52.069935748,-1.714751620,-0.206673473
52.118871695,-1.725011886,-0.206673473
52.167807643,-1.735272151,-0.206673473
52.216743590,-1.745532416,-0.206673473
52.265679538,-1.755792682,-0.206673473
52.314615485,-1.766052947,-0.206673473
52.363551432,-1.776313212,-0.206673473
52.412549644,-1.786269362,-0.200464953
52.461580400,-1.796066551,-0.197219803
52.510611157,-1.805863740,-0.197219803
52.559641913,-1.815660930,-0.197219803
52.608672670,-1.825458119,-0.197219803
52.657703426,-1.835255309,-0.197219803
52.706734183,-1.845052498,-0.197219803
52.755764939,-1.854849687,-0.197219803
52.804801207,-1.864618003,-0.196631927
52.853993559,-1.873568559,-0.179981242
52.903185912,-1.882519115,-0.179981242
52.952378264,-1.891469671,-0.179981242
53.001570617,-1.900420227,-0.179981242
53.050762969,-1.909370783,-0.179981242
53.099955322,-1.918321339,-0.179981242
53.149147674,-1.927271895,-0.179981242
53.198340027,-1.936222451,-0.179981242
53.247532380,-1.945173007,-0.179981242
53.296848461,-1.953368077,-0.164669679
53.346326036,-1.960577066,-0.144684036
53.395803612,-1.967786054,-0.144684036
53.445281187,-1.974995043,-0.144684036
53.494758763,-1.982204032,-0.144684036
53.544236339,-1.989413021,-0.144684036
53.593713914,-1.996622009,-0.144684036
53.643191490,-2.003830998,-0.144684036
53.692669065,-2.011039987,-0.144684036
53.742243329,-2.017464202,-0.128869541
53.791991080,-2.022480299,-0.100490987
53.841738832,-2.027496396,-0.100490987
53.891486583,-2.032512493,-0.100490987
53.941234335,-2.037528590,-0.100490987
53.990982086,-2.042544686,-0.100490987
54.040729837,-2.047560783,-0.100490987
54.090477589,-2.052576880,-0.100490987
54.140225340,-2.057592977,-0.100490987
54.189973092,-2.062609074,-0.100490987
54.239837994,-2.065822829,-0.064360231
54.289816497,-2.067288890,-0.029325408
54.339794999,-2.068754950,-0.029325408
54.389773501,-2.070221010,-0.029325408
54.439752003,-2.071687071,-0.029325408
54.489730505,-2.073153131,-0.029325408
54.539709007,-2.074619191,-0.029325408
54.589687509,-2.076085251,-0.029325408
54.639666011,-2.077551312,-0.029325408
54.689644513,-2.079017372,-0.029325408
54.739609851,-2.079203047,-0.003716064
54.789547646,-2.076709725,0.049887130
54.839485441,-2.074216403,0.049887130
54.889423235,-2.071723081,0.049887130
54.939361030,-2.069229759,0.049887130
54.989298825,-2.066736437,0.049887130
55.039236620,-2.064243115,0.049887130
55.089174414,-2.061749793,0.049887130
55.139112209,-2.059256471,0.049887130
55.189050004,-2.056763149,0.049887130
55.238840673,-2.052693747,0.081548960
55.288377138,-2.045901204,0.136272225
55.337913603,-2.039108662,0.136272225
55.387450068,-2.032316119,0.136272225
55.436986533,-2.025523577,0.136272225
55.486522998,-2.018731034,0.136272225
55.536059463,-2.011938492,0.136272225
55.585595928,-2.005145949,0.136272225
55.635132393,-1.998353406,0.136272225
55.684631647,-1.991348236,0.140587122
55.733530836,-1.980914191,0.210225978
55.782430025,-1.970480145,0.210225978
55.831329214,-1.960046100,0.210225978
55.880228403,-1.949612054,0.210225978
55.929127593,-1.939178009,0.210225978
55.978026782,-1.928743964,0.210225978
56.026925971,-1.918309918,0.210225978
56.075825160,-1.907875873,0.210225978
56.124255914,-1.895503203,0.250121493
56.172524257,-1.882458393,0.263950438
56.220792600,-1.869413583,0.263950438
56.269060943,-1.856368773,0.263950438
56.317329286,-1.843323963,0.263950438
56.365597629,-1.830279153,0.263950438
56.413865972,-1.817234343,0.263950438
56.462134315,-1.804189533,0.263950438
56.510402658,-1.791144723,0.263950438
56.558075950,-1.776097048,0.305744428
56.605636841,-1.760671041,0.313636875
56.653197732,-1.745245035,0.313636875
56.700758622,-1.729819028,0.313636875
56.748319513,-1.714393022,0.313636875
56.795880404,-1.698967015,0.313636875
56.843441294,-1.683541009,0.313636875
56.891002185,-1.668115002,0.313636875
56.938239539,-1.651744612,0.333603409
56.985268213,-1.634765101,0.346481206
57.032296887,-1.617785589,0.346481206
57.079325561,-1.600806078,0.346481206
57.126354235,-1.583826566,0.346481206
57.173382909,-1.566847054,0.346481206
57.220411583,-1.549867543,0.346481206
57.267440257,-1.532888031,0.346481206
57.314468931,-1.515908519,0.346481206
57.361098932,-1.497871651,0.369082699
57.407630756,-1.479574402,0.374648020
57.454162580,-1.461277153,0.374648020
57.500694404,-1.442979903,0.374648020
57.547226229,-1.424682654,0.374648020
57.593758053,-1.406385405,0.374648020
57.640289877,-1.388088155,0.374648020
57.686821701,-1.369790906,0.374648020
57.733176088,-1.351051485,0.384177033
57.779448416,-1.332107578,0.388583751
57.825720745,-1.313163672,0.388583751
57.871993074,-1.294219765,0.388583751
57.918265402,-1.275275858,0.388583751
57.964537731,-1.256331952,0.388583751
58.010810060,-1.237388045,0.388583751
58.057082388,-1.218444138,0.388583751
58.103354717,-1.199500232,0.388583751
58.149473990,-1.180186866,0.396581926
58.195587016,-1.160858420,0.396908394
58.241700042,-1.141529973,0.396908394
58.287813068,-1.122201527,0.396908394
58.333926094,-1.102873080,0.396908394
58.380039120,-1.083544634,0.396908394
58.426152146,-1.064216188,0.396908394
58.472265172,-1.044887741,0.396908394
58.518471224,-1.025782841,0.392065787
58.564682947,-1.006691571,0.391770541
58.610894671,-0.987600301,0.391770541
58.657106394,-0.968509030,0.391770541
58.703318118,-0.949417760,0.391770541
58.749529842,-0.930326490,0.391770541
58.795741565,-0.911235219,0.391770541
58.841953289,-0.892143949,0.391770541
58.888233453,-0.873220997,0.388136519
58.934655236,-0.854646337,0.380616809
58.981077020,-0.836071676,0.380616809
59.027498803,-0.817497016,0.380616809
59.073920587,-0.798922355,0.380616809
59.120342371,-0.780347695,0.380616809
59.166764154,-0.761773035,0.380616809
59.213185938,-0.743198374,0.380616809
59.259796686,-0.725113659,0.370114174
59.306668686,-0.707706315,0.355593592
59.353540686,-0.690298971,0.355593592
59.400412686,-0.672891627,0.355593592
59.447284685,-0.655484283,0.355593592
59.494156685,-0.638076939,0.355593592
59.541028685,-0.620669594,0.355593592
59.587900685,-0.603262250,0.355593592
59.634772685,-0.585854906,0.355593592
59.682089806,-0.569703494,0.328942674
59.729462569,-0.553709078,0.325611615
59.776835331,-0.537714662,0.325611615
59.824208094,-0.521720246,0.325611615
59.871580857,-0.505725830,0.325611615
59.918953620,-0.489731414,0.325611615
59.966326382,-0.473736997,0.325611615
60.013756312,-0.457928637,0.321719888
60.061936951,-0.444563531,0.270592181
60.110117590,-0.431198425,0.270592181
60.158298228,-0.417833319,0.270592181
60.206478867,-0.404468213,0.270592181
60.254659506,-0.391103108,0.270592181
60.302840144,-0.377738002,0.270592181
60.351020783,-0.364372896,0.270592181
60.399201422,-0.351007790,0.270592181
60.447757671,-0.339149466,0.239529683
60.496574162,-0.328335113,0.218009908
60.545390653,-0.317520760,0.218009908
60.594207143,-0.306706406,0.218009908
60.643023634,-0.295892053,0.218009908
60.691840125,-0.285077700,0.218009908
60.740656615,-0.274263346,0.218009908
60.789473106,-0.263448993,0.218009908
60.838708494,-0.254791761,0.174054320
60.888024465,-0.246549487,0.165601331
60.937340435,-0.238307214,0.165601331
60.986656405,-0.230064941,0.165601331
61.035972376,-0.221822668,0.165601331
61.085288346,-0.213580394,0.165601331
61.134604316,-0.205338121,0.165601331
61.183920287,-0.197095848,0.165601331
61.233366116,-0.189763339,0.147220845
61.283018649,-0.183878957,0.117961035
61.332671182,-0.177994574,0.117961035
61.382323715,-0.172110191,0.117961035
61.431976248,-0.166225808,0.117961035
61.481628781,-0.160341425,0.117961035
61.531281314,-0.154457042,0.117961035
61.580933847,-0.148572659,0.117961035
61.630711904,-0.143953041,0.092539262
61.680552453,-0.139963091,0.079883918
61.730393001,-0.135973142,0.079883918
61.780233550,-0.131983193,0.079883918
61.830074099,-0.127993244,0.079883918
61.879914648,-0.124003295,0.079883918
61.929755197,-0.120013346,0.079883918
61.979595745,-0.116023397,0.079883918
62.029454229,-0.112297168,0.074597410
62.079376081,-0.109502775,0.055916998
62.129297934,-0.106708382,0.055916998
62.179219786,-0.103913989,0.055916998
62.229141639,-0.101119596,0.055916998
62.279063492,-0.098325203,0.055916998
62.328985344,-0.095530810,0.055916998
62.378907197,-0.092736416,0.055916998
62.428850320,-0.090392399,0.046899314
62.478813329,-0.088469473,0.038468011
62.528776339,-0.086546547,0.038468011
62.578739349,-0.084623621,0.038468011
62.628702359,-0.082700694,0.038468011
62.678665369,-0.080777768,0.038468011
62.728628379,-0.078854842,0.038468011
62.778591389,-0.076931916,0.038468011
62.828554696,-0.075016969,0.038308315
62.878522285,-0.073216966,0.036007832
62.928489875,-0.071416964,0.036007832
62.978457464,-0.069616961,0.036007832
63.028425053,-0.067816959,0.036007832
63.078392643,-0.066016956,0.036007832
63.128360232,-0.064216953,0.036007832
63.178327822,-0.062416951,0.036007832
63.228295391,-0.060616393,0.036018939
63.278262926,-0.058814879,0.036038077
63.328230461,-0.057013366,0.036038077
63.378197996,-0.055211852,0.036038077
63.428165531,-0.053410338,0.036038077
63.478133066,-0.051608824,0.036038077
63.528100601,-0.049807310,0.036038077
63.578068136,-0.048005796,0.036038077
63.628035670,-0.046204282,0.036038077
63.677998231,-0.044270189,0.038691534
63.727960283,-0.042322524,0.038963171
63.777922334,-0.040374858,0.038963171
63.827884386,-0.038427192,0.038963171
63.877846438,-0.036479527,0.038963171
63.927808489,-0.034531861,0.038963171
63.977770541,-0.032584195,0.038963171
64.027733354,-0.030656550,0.038562477
64.077698995,-0.028803249,0.037074516
64.127664636,-0.026949948,0.037074516
64.177630277,-0.025096646,0.037074516
64.227595918,-0.023243345,0.037074516
64.277561559,-0.021390044,0.037074516
64.327529322,-0.019598604,0.035836561
64.377504482,-0.018022722,0.031522876
64.427479642,-0.016446839,0.031522876
64.477454801,-0.014870956,0.031522876
64.527429961,-0.013295073,0.031522876
64.577405121,-0.011719191,0.031522876
64.627390042,-0.010509846,0.024189475
64.677378242,-0.009423630,0.021726017
64.727366442,-0.008337415,0.021726017
64.777354642,-0.007251200,0.021726017
64.827342842,-0.006164984,0.021726017
64.877337828,-0.005513132,0.013037608
