drive,stop_distance,k_cross,k_heading,success,reason,cross_track_m,endpoint_distance_m,terminal_speed_mps,steps
0.65,1.2,1.2,1.5,1,0,0.10496580600738525,0.10641267895698547,0.09762407094240189,433
0.65,0.8,1.2,1.5,1,0,0.004261178895831108,0.05872653052210808,0.09409314393997192,435
0.65,0.8,1.2,1.5,1,0,0.0002951286733150482,0.06137993559241295,0.09477609395980835,437
0.65,1.6,0.6,1.5,1,0,0.147765651345253,0.1681210994720459,0.09893528372049332,438
0.65,1.6,0.6,1.5,1,0,0.09433019906282425,0.14931942522525787,0.0997343435883522,443
0.65,1.6,0.6,1.5,1,0,0.059133656322956085,0.15000759065151215,0.09964285790920258,447
0.65,1.2,0.6,1.5,1,0,0.0684986561536789,0.07103564590215683,0.09854204207658768,449
0.65,1.2,0.6,1.5,1,0,0.06547389179468155,0.06895574927330017,0.0965118557214737,449
0.65,1.6,0.6,1.5,1,0,0.03844807296991348,0.14025261998176575,0.0958099290728569,453
0.65,1.6,0.6,1.5,1,0,0.014631311409175396,0.14641276001930237,0.09708280861377716,457
0.65,1.6,1.2,1.5,1,0,0.16049997508525848,0.17885158956050873,0.09935013204813004,465
0.65,1.6,1.2,1.5,1,0,0.08558806777000427,0.17185091972351074,0.09650234133005142,465
0.65,1.6,1.2,1.5,1,0,0.13139131665229797,0.18442729115486145,0.09972528368234634,467
0.65,1.6,1.2,1.5,1,0,0.06450812518596649,0.17399442195892334,0.09912363439798355,468
0.65,0.8,0.6,0.8,1,0,0.021444939076900482,0.1547599583864212,0.09835390001535416,469
0.65,1.6,0.6,1.5,1,0,0.03916022181510925,0.15362809598445892,0.09967251867055893,470
0.65,1.2,0.6,1.5,1,0,0.06510110199451447,0.12493687868118286,0.09929560124874115,474
0.65,1.2,0.6,1.5,1,0,0.08351867645978928,0.08385521918535233,0.09293775260448456,475
0.65,1.2,0.6,1.5,1,0,0.06717988848686218,0.15453945100307465,0.09935437887907028,475
0.65,0.8,1.2,1.5,1,0,0.048552799969911575,0.1031625047326088,0.0975911095738411,478
0.65,1.2,0.6,0.8,1,0,0.014297679997980595,0.016204556450247765,0.09980850666761398,479
0.65,1.6,0.6,1.5,1,0,0.10414760559797287,0.19486676156520844,0.09871416538953781,481
0.65,1.6,0.6,1.5,1,0,0.15875843167304993,0.17114385962486267,0.09784788638353348,482
0.65,1.2,1.2,0.8,1,0,0.10432259738445282,0.105986088514328,0.09925560653209686,485
0.65,1.6,0.6,0.8,1,0,0.11324263364076614,0.11426474153995514,0.0955008864402771,491
0.65,1.6,1.2,0.8,1,0,0.09249091148376465,0.0934477373957634,0.0990121066570282,492
0.65,1.6,0.6,1.5,1,0,0.13817237317562103,0.1990749090909958,0.09690666198730469,499
0.65,1.6,1.2,0.8,1,0,0.137170672416687,0.19891279935836792,0.09971621632575989,500
0.65,1.6,0.6,0.8,1,0,0.06468850374221802,0.07136615365743637,0.09964122623205185,501
0.65,1.6,0.6,0.8,1,0,0.030090605840086937,0.05612368509173393,0.09991762787103653,506
0.65,1.2,1.2,0.8,1,0,0.04853500798344612,0.13779407739639282,0.09972915053367615,508
0.65,1.2,0.6,1.5,1,0,0.0013036211021244526,0.18251605331897736,0.09952788054943085,509
0.65,1.2,0.6,0.8,1,0,0.11472340673208237,0.12038975208997726,0.09687403589487076,514
0.65,1.2,0.6,0.8,1,0,0.010164627805352211,0.06061545014381409,0.09648247808218002,515
0.65,1.6,0.6,0.8,1,0,0.11448854953050613,0.14948078989982605,0.09849747270345688,515
0.65,1.6,0.6,0.8,1,0,0.01887701079249382,0.04023831710219383,0.09993959963321686,515
0.65,1.6,0.6,0.8,1,0,0.02110963873565197,0.04242415353655815,0.0993838757276535,515
0.65,0.8,1.2,0.8,0,2,1.5031672716140747,2.4160757064819336,0.6970743536949158,526
0.65,0.8,1.2,0.8,0,2,1.5036249160766602,2.35217022895813,0.7040707468986511,530
0.65,0.8,0.6,0.8,0,2,1.5028011798858643,2.797611713409424,0.7145050764083862,531
0.65,0.8,0.6,0.8,0,2,1.5074275732040405,2.8661458492279053,0.7172484397888184,532
0.65,0.8,1.2,0.8,0,2,1.5049618482589722,2.314098834991455,0.7058310508728027,532
0.65,0.8,0.6,0.8,0,2,1.5008361339569092,2.380898952484131,0.7093797326087952,534
0.65,0.8,1.2,1.5,0,2,1.5006579160690308,1.967199683189392,0.7169821858406067,534
0.65,0.8,1.2,1.5,0,2,1.5011355876922607,1.664381742477417,0.7289811968803406,539
0.65,1.6,1.2,0.8,1,0,0.08807304501533508,0.19508400559425354,0.09861553460359573,539
0.65,0.8,0.6,0.8,0,2,1.5062097311019897,2.1453635692596436,0.6944984793663025,542
0.65,0.8,0.6,0.8,0,2,1.5041842460632324,2.0294249057769775,0.7042877674102783,546
0.5,0.8,0.6,0.8,1,0,0.053653936833143234,0.0670192688703537,0.09972621500492096,550
0.65,0.8,0.6,1.5,0,2,1.5089430809020996,1.65683913230896,0.6987192034721375,553
0.5,1.2,0.6,1.5,1,0,0.1746681183576584,0.17468038201332092,0.0991581603884697,554
0.65,0.8,0.6,0.8,0,2,1.5066312551498413,1.9306926727294922,0.7165994644165039,554
0.65,0.8,0.6,0.8,0,2,1.5103079080581665,1.917961597442627,0.7183709740638733,555
0.5,0.8,0.6,1.5,1,0,0.11171982437372208,0.1347312480211258,0.09833383560180664,560
0.65,0.8,0.6,1.5,0,2,1.5027648210525513,1.620166301727295,0.6891661882400513,560
0.65,0.8,1.2,0.8,0,2,1.5118472576141357,1.7635016441345215,0.7238343358039856,561
0.5,0.8,0.6,1.5,1,0,0.11998651921749115,0.15628865361213684,0.0999561995267868,563
0.65,0.8,0.6,1.5,0,2,1.5110706090927124,1.6235132217407227,0.6834363341331482,563
0.5,0.8,0.6,0.8,1,0,0.009205654263496399,0.026995982974767685,0.09939337521791458,564
0.5,1.2,0.6,0.8,1,0,0.10089848190546036,0.10345234721899033,0.09916715323925018,565
0.65,0.8,1.2,1.5,0,2,1.5115900039672852,1.5237257480621338,0.6907045841217041,565
0.5,0.8,0.6,1.5,1,0,0.1065681129693985,0.1351659595966339,0.0996457189321518,566
0.5,1.2,0.6,1.5,1,0,0.09663945436477661,0.13767389953136444,0.09925762563943863,566
0.5,1.2,0.6,1.5,1,0,0.0740431547164917,0.14840883016586304,0.09346776455640793,567
0.65,0.8,0.6,0.8,0,2,1.5090305805206299,1.805550217628479,0.7261336445808411,567
0.65,0.8,0.6,0.8,0,2,1.511425256729126,1.809714913368225,0.7213298082351685,567
0.65,0.8,1.2,1.5,0,2,1.5067815780639648,1.5118228197097778,0.6927951574325562,567
0.5,1.2,0.6,0.8,1,0,0.09116168320178986,0.0958065390586853,0.09873439371585846,569
0.65,0.8,0.6,1.5,0,2,1.510723352432251,1.6103700399398804,0.6893451809883118,570
0.65,0.8,1.2,0.8,0,2,1.509972095489502,1.6697001457214355,0.7205678224563599,571
0.65,1.6,1.2,0.8,1,0,0.038126252591609955,0.1979498267173767,0.09971927851438522,572
0.5,1.2,0.6,0.8,1,0,0.13547542691230774,0.14784114062786102,0.09955737739801407,573
0.5,0.8,0.6,1.5,1,0,0.028257302939891815,0.02978380024433136,0.09426088631153107,575
0.65,1.6,1.2,0.8,1,0,0.024215713143348694,0.19919970631599426,0.09696070104837418,575
0.5,1.6,0.6,0.8,1,0,0.10994074493646622,0.1655123084783554,0.09809248894453049,576
0.65,1.6,1.2,0.8,1,0,0.027512848377227783,0.19996847212314606,0.09916766732931137,576
0.5,1.6,0.6,0.8,1,0,0.1296374499797821,0.15379956364631653,0.09895429760217667,580
0.5,1.6,0.6,0.8,1,0,0.1188945546746254,0.1545914113521576,0.09974706918001175,580
0.65,0.8,0.6,0.8,0,2,1.508242130279541,1.7062894105911255,0.720122754573822,580
0.65,0.8,1.2,0.8,0,2,1.5008716583251953,1.5213059186935425,0.6849561929702759,581
0.5,1.6,1.2,0.8,1,0,0.166152685880661,0.19945907592773438,0.08945825695991516,583
0.65,1.6,1.2,0.8,1,0,0.006869044154882431,0.1998739093542099,0.09614120423793793,585
0.5,1.2,0.6,0.8,1,0,0.027466053143143654,0.051955077797174454,0.0989890769124031,588
0.5,1.2,0.6,1.5,1,0,0.14871864020824432,0.18874138593673706,0.09924286603927612,588
0.5,1.2,1.2,0.8,1,0,0.1552484631538391,0.15539945662021637,0.09748433530330658,588
0.65,0.8,0.6,1.5,0,2,1.5011072158813477,1.5934573411941528,0.7041941285133362,588
0.65,0.8,1.2,1.5,0,2,1.5077955722808838,1.5135610103607178,0.7151609659194946,588
0.5,1.6,0.6,0.8,1,0,0.06076597422361374,0.1484311819076538,0.09982306510210037,589
0.65,0.8,1.2,1.5,0,2,1.5019519329071045,1.644321322441101,0.7358284592628479,589
0.65,0.8,1.2,1.5,0,2,1.5002477169036865,1.6682844161987305,0.7213832139968872,589
0.5,1.2,0.6,0.8,1,0,0.02827175334095955,0.048100776970386505,0.09822995960712433,590
0.5,1.2,1.2,0.8,1,0,0.15774568915367126,0.15834400057792664,0.0970553532242775,590
0.65,0.8,0.6,0.8,0,2,1.5032685995101929,1.6682637929916382,0.7078855037689209,590
0.65,0.8,1.2,1.5,0,2,1.5010663270950317,1.7246928215026855,0.7192441821098328,590
0.5,1.6,1.2,0.8,1,0,0.17530596256256104,0.19821026921272278,0.09816907346248627,592
0.5,1.6,0.6,1.5,1,0,0.1610904484987259,0.19825239479541779,0.08851292729377747,594
0.5,1.6,0.6,1.5,1,0,0.17746445536613464,0.1986103057861328,0.09169531613588333,594
0.5,1.6,0.6,1.5,1,0,0.1589115709066391,0.19927525520324707,0.08692200481891632,595
0.5,1.6,0.6,1.5,1,0,0.1341945379972458,0.19887442886829376,0.08824706822633743,595
0.5,0.8,1.2,0.8,1,0,0.08366286754608154,0.08663328737020493,0.09922357648611069,596
0.5,1.6,1.2,0.8,1,0,0.18751654028892517,0.1997576653957367,0.09464043378829956,596
0.5,1.6,0.6,0.8,1,0,0.030105002224445343,0.15596641600131989,0.09794311970472336,597
0.5,1.6,0.6,1.5,1,0,0.18668724596500397,0.1998366415500641,0.08276595175266266,598
0.65,0.8,0.6,0.8,0,2,1.502129316329956,1.700394630432129,0.7236175537109375,599
0.5,0.8,1.2,0.8,1,0,0.08453403413295746,0.084751196205616,0.0995776504278183,600
0.65,1.2,0.6,1.5,0,2,1.5065966844558716,1.7910784482955933,0.694134533405304,602
0.65,1.2,0.6,1.5,0,2,1.5048294067382812,1.7495641708374023,0.6876111030578613,602
0.5,0.8,1.2,1.5,1,0,0.040844209492206573,0.09110437333583832,0.09605877101421356,603
0.5,1.6,0.6,0.8,1,0,0.012189534492790699,0.1474195271730423,0.09813749045133591,603
0.5,1.6,1.2,0.8,1,0,0.11476590484380722,0.19398058950901031,0.09781765937805176,603
0.65,0.8,0.6,1.5,0,2,1.5004088878631592,1.563961386680603,0.7117305397987366,603
0.65,0.8,1.2,0.8,0,2,1.5028533935546875,1.5031859874725342,0.7077093720436096,603
0.65,1.2,1.2,0.8,0,2,1.511681079864502,2.3378589153289795,0.7311677932739258,603
0.5,1.6,0.6,0.8,1,0,0.19812875986099243,0.19990895688533783,0.08928635716438293,604
0.65,1.2,0.6,1.5,0,2,1.5102143287658691,1.740545630455017,0.6850519776344299,604
0.65,1.2,1.2,0.8,0,2,1.5069035291671753,1.5094366073608398,0.6921124458312988,604
0.65,1.2,1.2,1.5,0,2,1.5089911222457886,2.0120887756347656,0.7323198318481445,604
0.5,1.2,1.2,0.8,1,0,0.17670977115631104,0.1973891705274582,0.09621667861938477,607
0.5,1.2,1.2,1.5,1,0,0.1282823234796524,0.18340182304382324,0.09525425732135773,607
0.5,1.6,0.6,1.5,1,0,0.1973518431186676,0.19942481815814972,0.08158661425113678,607
0.5,1.6,1.2,0.8,1,0,0.06966476142406464,0.19967693090438843,0.09680833667516708,607
0.5,1.6,1.2,0.8,1,0,0.14539389312267303,0.1996476799249649,0.08276699483394623,607
0.5,1.6,1.2,0.8,1,0,0.07805483788251877,0.19962042570114136,0.08420982956886292,608
0.65,1.2,0.6,0.8,0,2,1.5078126192092896,2.438730478286743,0.7325187921524048,608
0.5,1.2,1.2,1.5,1,0,0.1388392448425293,0.17108647525310516,0.09905683249235153,609
0.65,0.8,0.6,0.8,0,2,1.507353663444519,1.627372145652771,0.7416343092918396,609
0.65,0.8,1.2,1.5,0,2,1.5021779537200928,1.5645095109939575,0.7010300755500793,609
0.65,1.2,1.2,1.5,0,2,1.5009703636169434,1.5764864683151245,0.6747921705245972,609
0.5,1.2,0.6,0.8,1,0,0.11034204810857773,0.1253598928451538,0.09933073073625565,610
0.65,0.8,0.6,0.8,0,2,1.509319543838501,1.6364250183105469,0.7335231900215149,612
0.65,1.2,1.2,1.5,0,2,1.5016100406646729,1.7721805572509766,0.7338802218437195,612
0.65,1.2,1.2,1.5,0,2,1.5043268203735352,1.5423310995101929,0.6691682934761047,612
0.5,1.2,1.2,1.5,1,0,0.16984719038009644,0.1711692363023758,0.0942516177892685,614
0.65,1.2,0.6,0.8,0,2,1.505479335784912,1.740524411201477,0.6915123462677002,614
0.65,0.8,1.2,1.5,0,2,1.501550316810608,1.5800848007202148,0.701130747795105,618
0.5,1.2,1.2,0.8,1,0,0.12861381471157074,0.17823141813278198,0.09998791664838791,619
0.5,1.2,0.6,1.5,1,0,0.08677688986063004,0.18288323283195496,0.09994610399007797,620
0.5,1.6,0.6,0.8,1,0,0.08214018493890762,0.19053901731967926,0.09915978461503983,620
0.65,1.2,1.2,1.5,0,2,1.5064396858215332,1.5073513984680176,0.6771150827407837,621
0.5,1.6,0.6,0.8,1,0,0.04013056680560112,0.1447482407093048,0.09324052929878235,622
0.65,1.2,1.2,0.8,0,2,1.500483751296997,1.5999120473861694,0.7002278566360474,623
0.65,0.8,1.2,0.8,0,2,1.5004348754882812,1.5256834030151367,0.7253863215446472,624
0.65,0.8,1.2,1.5,0,2,1.5028489828109741,2.208041191101074,0.6997635364532471,624
0.65,1.2,1.2,1.5,0,2,1.5107238292694092,1.514597773551941,0.6810058951377869,625
0.65,1.2,1.2,1.5,0,2,1.5027265548706055,1.5030028820037842,0.6794793605804443,627
0.65,0.8,0.6,1.5,0,2,1.5017671585083008,1.5838582515716553,0.7124140858650208,630
0.65,0.8,1.2,0.8,0,2,1.500726580619812,1.512965440750122,0.7340710163116455,631
0.65,0.8,0.6,1.5,0,2,1.5135455131530762,1.5961905717849731,0.7129843235015869,632
0.65,1.2,1.2,1.5,0,2,1.5026988983154297,1.502824306488037,0.6811928153038025,633
0.65,0.8,0.6,1.5,0,2,1.5003989934921265,1.8376086950302124,0.7085323929786682,634
0.65,1.2,0.6,0.8,0,2,1.5094482898712158,1.570759892463684,0.7056716680526733,634
0.65,1.2,1.2,1.5,0,2,1.502244234085083,1.5023425817489624,0.6797685623168945,634
0.65,1.6,1.2,1.5,0,2,1.5038378238677979,1.504347324371338,0.5732147097587585,634
0.65,1.6,1.2,1.5,0,2,1.510725736618042,1.511228322982788,0.5735574960708618,637
0.65,1.2,0.6,0.8,0,2,1.505120873451233,1.5177292823791504,0.683808445930481,642
0.5,1.2,1.2,1.5,1,0,0.09506166726350784,0.1903715431690216,0.0986267626285553,644
0.5,0.8,1.2,1.5,1,0,0.13644985854625702,0.13820095360279083,0.09881007671356201,645
0.5,1.6,1.2,1.5,1,0,0.14459937810897827,0.1983312964439392,0.09604773670434952,645
0.5,1.2,1.2,1.5,1,0,0.09588748216629028,0.18979187309741974,0.09308984875679016,646
0.5,1.2,1.2,1.5,1,0,0.06679101288318634,0.16680549085140228,0.09405062347650528,646
0.65,1.2,1.2,0.8,0,2,1.5087664127349854,1.5899580717086792,0.6822612881660461,650
0.5,1.2,0.6,1.5,1,0,0.1713271588087082,0.1993025243282318,0.0981873869895935,651
0.65,0.8,0.6,1.5,0,2,1.5039353370666504,2.2459962368011475,0.7143369317054749,654
0.65,1.6,1.2,1.5,0,2,1.5102040767669678,1.5272079706192017,0.5803167223930359,654
0.65,1.2,0.6,0.8,0,2,1.5086054801940918,1.5086544752120972,0.6856256127357483,657
0.65,0.8,1.2,0.8,0,2,1.501997947692871,1.6224040985107422,0.704913318157196,659
0.65,1.2,0.6,1.5,0,2,1.5075973272323608,1.5075998306274414,0.7012952566146851,659
0.5,1.6,0.6,1.5,1,0,0.16232889890670776,0.19766241312026978,0.09922710806131363,660
0.65,1.6,1.2,0.8,0,2,1.5077327489852905,1.746654748916626,0.6491019129753113,660
0.5,1.6,0.6,1.5,1,0,0.05842277407646179,0.18245460093021393,0.06488057971000671,661
0.65,1.2,0.6,0.8,0,2,1.5014142990112305,1.5024008750915527,0.6903950572013855,661
0.65,1.6,1.2,1.5,0,2,1.5083465576171875,1.5395183563232422,0.5856660604476929,661
0.65,1.6,1.2,1.5,0,2,1.5006818771362305,1.5537042617797852,0.5866624712944031,667
0.65,0.8,0.6,1.5,0,2,1.5133763551712036,1.592346429824829,0.7099322080612183,669
0.65,0.8,0.6,1.5,0,2,1.500976324081421,1.5995301008224487,0.7049906253814697,671
0.5,1.6,1.2,1.5,1,0,0.17696864902973175,0.19975772500038147,0.07332482933998108,672
0.65,0.8,0.6,0.8,0,2,1.5072081089019775,1.527629017829895,0.7292659282684326,672
0.65,1.2,0.6,0.8,0,2,1.5022125244140625,1.5086209774017334,0.6903741359710693,672
0.5,0.8,1.2,0.8,0,2,1.5054301023483276,2.681861400604248,0.5448836088180542,673
0.65,1.2,0.6,0.8,0,2,1.509232997894287,1.5095148086547852,0.69072425365448,673
0.65,1.6,1.2,1.5,0,2,1.5056072473526,1.587180733680725,0.5961867570877075,673
0.5,0.8,1.2,0.8,0,2,1.5099098682403564,2.6951072216033936,0.5441814661026001,674
0.65,1.6,1.2,1.5,0,2,1.5106414556503296,1.5830230712890625,0.5927526950836182,674
0.5,0.8,1.2,0.8,0,2,1.5064697265625,2.4602811336517334,0.5386581420898438,679
0.65,1.6,0.6,0.8,0,2,1.501025676727295,1.5180683135986328,0.5698521733283997,679
0.65,0.8,0.6,1.5,0,2,1.5118911266326904,1.5926488637924194,0.7124922871589661,681
0.65,1.2,1.2,1.5,0,2,1.503476619720459,1.5893465280532837,0.6784453392028809,682
0.65,0.8,1.2,1.5,0,2,1.5070217847824097,1.854961633682251,0.6889309287071228,684
0.5,0.8,1.2,1.5,0,2,1.5051591396331787,2.1621670722961426,0.5494139194488525,685
0.5,1.6,1.2,1.5,1,0,0.14597955346107483,0.19970205426216125,0.08175311237573624,686
0.65,0.8,1.2,0.8,0,2,1.5029736757278442,1.7075570821762085,0.690296471118927,686
0.5,0.8,0.6,0.8,0,2,1.5003234148025513,2.7516226768493652,0.5472038388252258,689
0.5,0.8,1.2,1.5,0,2,1.504401445388794,2.640186071395874,0.5567924976348877,689
0.5,0.8,0.6,0.8,0,2,1.502039909362793,2.54256272315979,0.5522329807281494,690
0.5,0.8,0.6,0.8,0,2,1.504184365272522,2.5467586517333984,0.5518177151679993,690
0.65,1.2,0.6,0.8,0,2,1.500983476638794,1.5232433080673218,0.681036114692688,690
0.5,0.8,0.6,0.8,0,2,1.500414252281189,2.3739752769470215,0.5514054298400879,691
0.65,1.2,0.6,0.8,0,2,1.5041155815124512,1.525958776473999,0.6826131343841553,691
0.5,0.8,1.2,0.8,0,2,1.5041838884353638,2.1261911392211914,0.5306146144866943,692
0.5,1.2,1.2,1.5,1,0,0.02856641262769699,0.19992749392986298,0.09713490307331085,693
0.5,0.8,1.2,1.5,0,2,1.5008690357208252,2.8468399047851562,0.5527532696723938,694
0.5,0.8,0.6,0.8,0,2,1.5076727867126465,2.0276756286621094,0.5527371764183044,695
0.5,0.8,1.2,1.5,0,2,1.5077353715896606,2.158674955368042,0.559088945388794,695
0.65,1.2,0.6,1.5,0,2,1.511277675628662,1.712093472480774,0.6750247478485107,695
0.65,1.2,0.6,1.5,0,2,1.501556158065796,1.6709686517715454,0.6728505492210388,696
0.5,0.8,1.2,1.5,0,2,1.500824213027954,2.116314172744751,0.5577468276023865,697
0.65,1.6,0.6,0.8,0,2,1.50423264503479,1.5602632761001587,0.5776177644729614,697
0.5,0.8,1.2,0.8,0,2,1.5006104707717896,2.1437015533447266,0.5252388715744019,698
0.65,1.2,0.6,0.8,0,2,1.5048457384109497,1.5365777015686035,0.6793805360794067,698
0.65,1.6,1.2,0.8,0,2,1.5050945281982422,1.9733670949935913,0.6878427863121033,699
0.5,0.8,0.6,1.5,0,2,1.507759690284729,2.545931577682495,0.5529742240905762,700
0.65,1.2,0.6,1.5,0,2,1.504338026046753,1.586759328842163,0.691780149936676,700
0.5,0.8,1.2,1.5,0,2,1.505625605583191,2.0997374057769775,0.5581651926040649,701
0.5,0.8,1.2,1.5,0,2,1.5038870573043823,2.106865644454956,0.5586086511611938,701
0.5,0.8,0.6,1.5,0,2,1.5081783533096313,2.645965576171875,0.5510762929916382,702
0.5,0.8,0.6,1.5,0,2,1.5016649961471558,2.924734354019165,0.5470514297485352,709
0.5,0.8,0.6,1.5,0,2,1.5019885301589966,3.002591848373413,0.5451167821884155,711
0.5,0.8,0.6,1.5,0,2,1.5062154531478882,3.030456781387329,0.5451186299324036,713
0.65,0.8,1.2,1.5,0,2,1.5046358108520508,1.7431707382202148,0.7099463939666748,716
0.5,0.8,0.6,1.5,0,2,1.5073891878128052,1.5864083766937256,0.5363560914993286,719
0.65,1.2,1.2,0.8,0,2,1.5053956508636475,1.5945440530776978,0.6806039214134216,720
0.5,0.8,0.6,0.8,0,2,1.5079281330108643,1.726586937904358,0.542077898979187,721
0.5,0.8,1.2,0.8,0,2,1.5099480152130127,1.9400553703308105,0.5456031560897827,722
0.65,1.2,1.2,0.8,0,2,1.5010793209075928,1.9762457609176636,0.704806923866272,724
0.5,0.8,0.6,1.5,0,2,1.5047762393951416,1.5594453811645508,0.5355449914932251,725
0.5,0.8,1.2,1.5,0,2,1.507201910018921,1.8379992246627808,0.5351786017417908,729
0.65,1.6,0.6,0.8,0,2,1.5072131156921387,1.9485434293746948,0.688293993473053,730
0.65,1.6,1.2,0.8,0,2,1.5019727945327759,1.935645341873169,0.682536780834198,732
0.5,0.8,0.6,1.5,0,2,1.5020768642425537,1.581525444984436,0.5360193252563477,733
0.65,0.8,1.2,0.8,0,2,1.5060679912567139,1.9004372358322144,0.6897545456886292,735
0.65,1.6,1.2,0.8,0,2,1.50758957862854,1.879356861114502,0.683972179889679,735
0.5,0.8,0.6,1.5,0,2,1.5077519416809082,1.6175081729888916,0.5410312414169312,740
0.65,1.2,1.2,0.8,0,2,1.50141441822052,1.684173345565796,0.7037429213523865,740
0.65,1.6,1.2,0.8,0,2,1.5023231506347656,1.7469968795776367,0.6769689917564392,740
0.65,0.8,1.2,0.8,0,2,1.505948543548584,2.183137893676758,0.7233157157897949,741
0.65,1.6,0.6,1.5,0,2,1.503024697303772,1.5870722532272339,0.5916727781295776,741
0.5,0.8,1.2,0.8,0,2,1.50730299949646,1.7269792556762695,0.5404166579246521,743
0.65,1.6,0.6,1.5,0,2,1.5108200311660767,1.5346750020980835,0.5722237825393677,745
0.65,1.6,1.2,0.8,0,2,1.50202214717865,1.6911736726760864,0.6615384817123413,746
0.5,0.8,1.2,0.8,0,2,1.5022081136703491,1.6851025819778442,0.5545276999473572,747
0.5,0.8,0.6,0.8,0,2,1.5071616172790527,1.6693247556686401,0.5410397052764893,755
0.65,0.8,1.2,0.8,0,2,1.5037287473678589,2.0789554119110107,0.7217162251472473,755
0.5,0.8,1.2,0.8,0,2,1.5052518844604492,1.6052685976028442,0.5507041215896606,759
0.65,1.6,0.6,1.5,0,2,1.5003020763397217,1.5014081001281738,0.5619034171104431,759
0.65,1.6,0.6,0.8,0,2,1.5009349584579468,1.5978437662124634,0.6136439442634583,760
0.5,0.8,1.2,0.8,0,2,1.5039691925048828,1.5134788751602173,0.5490162372589111,762
0.5,0.8,0.6,0.8,0,2,1.5031352043151855,1.5989782810211182,0.5428533554077148,763
0.5,0.8,0.6,1.5,0,2,1.5009849071502686,1.5631898641586304,0.5427910685539246,767
0.5,0.8,0.6,1.5,0,2,1.5065655708312988,1.566399097442627,0.5447460412979126,768
0.5,0.8,0.6,0.8,0,2,1.5037546157836914,1.5745731592178345,0.5420514941215515,769
0.65,1.6,0.6,0.8,0,2,1.5027124881744385,1.568756341934204,0.5995399951934814,769
0.65,0.8,1.2,0.8,0,2,1.502270221710205,2.3352575302124023,0.694219708442688,771
0.5,1.2,1.2,1.5,0,2,1.5008457899093628,2.3760058879852295,0.5533416271209717,772
0.5,1.2,1.2,0.8,0,2,1.5099430084228516,2.122373580932617,0.5538377165794373,773
0.5,0.8,1.2,0.8,0,2,1.5062103271484375,1.5074927806854248,0.5457234382629395,775
0.5,0.8,1.2,1.5,0,2,1.508190393447876,1.528620719909668,0.5578902363777161,775
0.5,0.8,0.6,0.8,0,2,1.5090068578720093,1.5562870502471924,0.5465308427810669,776
0.65,1.6,1.2,0.8,0,2,1.5011768341064453,2.611387252807617,0.7219948768615723,777
0.5,0.8,0.6,0.8,0,2,1.5037856101989746,1.5596873760223389,0.5434706211090088,778
0.5,1.2,0.6,1.5,0,2,1.5010721683502197,1.8156121969223022,0.5470735430717468,778
0.65,1.2,1.2,0.8,0,2,1.505405068397522,2.2938342094421387,0.6958273649215698,778
0.5,0.8,0.6,0.8,0,2,1.5048222541809082,1.5566375255584717,0.5453500747680664,779
0.5,1.2,1.2,0.8,0,2,1.5086255073547363,1.7548675537109375,0.5449721813201904,784
0.65,0.8,1.2,0.8,0,2,1.5067877769470215,2.4467055797576904,0.7098225355148315,786
0.65,1.6,1.2,1.5,0,2,1.505826711654663,1.509050965309143,0.5785185098648071,786
0.5,1.2,0.6,1.5,0,2,1.504741907119751,1.8882958889007568,0.5462126135826111,788
0.65,1.6,1.2,1.5,0,2,1.506380319595337,1.507157802581787,0.5740769505500793,790
0.5,0.8,1.2,1.5,0,2,1.5032552480697632,1.5035513639450073,0.5398181080818176,791
0.5,1.2,1.2,0.8,0,2,1.50589919090271,1.6936867237091064,0.5449072122573853,792
0.5,0.8,1.2,1.5,0,2,1.5026578903198242,1.5621150732040405,0.5434262156486511,793
0.65,1.2,1.2,1.5,0,2,1.5045714378356934,2.301647186279297,0.7151215672492981,794
0.65,1.6,0.6,0.8,0,2,1.508634090423584,1.7281053066253662,0.6521335244178772,794
0.5,1.2,1.2,0.8,0,2,1.506218671798706,1.6639561653137207,0.5433072447776794,795
0.5,1.2,0.6,0.8,0,2,1.5015101432800293,2.069343090057373,0.5503674745559692,798
0.65,1.2,0.6,0.8,0,2,1.5026888847351074,2.040893793106079,0.7126607298851013,798
0.65,1.6,0.6,1.5,0,2,1.509164810180664,1.5114576816558838,0.573930561542511,798
0.5,0.8,0.6,0.8,0,2,1.5053560733795166,1.524788737297058,0.5415259599685669,799
0.5,0.8,1.2,0.8,0,2,1.5078403949737549,1.5081475973129272,0.5361295342445374,799
0.5,1.2,1.2,0.8,0,2,1.5006036758422852,1.5219345092773438,0.5310394167900085,803
0.65,1.6,1.2,1.5,0,2,1.5096467733383179,1.5149435997009277,0.5754852890968323,808
0.5,0.8,0.6,0.8,0,2,1.5044665336608887,1.52802312374115,0.5360775589942932,809
0.5,1.2,0.6,0.8,0,2,1.5065947771072388,1.5138487815856934,0.5251379609107971,810
0.5,0.8,1.2,0.8,0,2,1.5093352794647217,1.5160584449768066,0.5469681024551392,813
0.5,1.2,0.6,0.8,0,2,1.508500337600708,1.8115577697753906,0.5490357279777527,813
0.5,0.8,1.2,1.5,0,2,1.5082958936691284,1.521005392074585,0.5490707159042358,814
0.5,1.2,1.2,1.5,0,2,1.5017943382263184,1.5508410930633545,0.5319498777389526,815
0.5,0.8,1.2,1.5,0,2,1.502254605293274,1.5067418813705444,0.5466773509979248,816
0.65,1.6,0.6,0.8,0,2,1.508523941040039,1.5146509408950806,0.5783905982971191,817
0.65,1.2,0.6,1.5,0,2,1.5075286626815796,1.6544737815856934,0.6796415448188782,818
0.65,1.6,0.6,1.5,0,2,1.505285620689392,1.5053514242172241,0.568021297454834,820
0.65,1.6,0.6,0.8,0,2,1.5037362575531006,1.5142954587936401,0.5779420137405396,822
0.65,1.6,0.6,1.5,0,2,1.506781816482544,1.5078651905059814,0.5689067840576172,822
0.5,0.8,0.6,1.5,0,2,1.500013828277588,1.5187122821807861,0.5365315675735474,824
0.65,1.2,0.6,1.5,0,2,1.5066523551940918,1.8533083200454712,0.6940590143203735,833
0.5,1.2,0.6,0.8,0,2,1.5067386627197266,1.5074219703674316,0.531718373298645,837
0.5,1.2,1.2,0.8,0,2,1.5080606937408447,1.553250789642334,0.5282007455825806,837
0.65,1.6,1.2,1.5,0,2,1.5006790161132812,1.8873398303985596,0.6884384751319885,837
0.5,1.2,0.6,1.5,0,2,1.5049500465393066,1.5444881916046143,0.5349803566932678,840
0.65,1.6,1.2,0.8,0,2,1.5023424625396729,3.3282313346862793,0.707410991191864,850
0.5,1.2,0.6,0.8,0,2,1.5068249702453613,1.5484869480133057,0.5328702330589294,851
0.65,1.6,1.2,1.5,0,2,1.505477786064148,3.1808881759643555,0.7156362533569336,856
0.65,1.2,0.6,0.8,0,2,1.502563238143921,1.7242940664291382,0.6892245411872864,857
0.5,0.8,1.2,1.5,0,2,1.5067472457885742,1.5132087469100952,0.5489376187324524,860
0.5,1.2,0.6,0.8,0,2,1.5052448511123657,1.5084327459335327,0.5279906392097473,868
0.5,1.2,1.2,0.8,0,2,1.5003211498260498,1.599879264831543,0.5253299474716187,868
0.5,1.6,1.2,1.5,0,2,1.5075128078460693,1.6113070249557495,0.4780760407447815,869
0.5,1.2,1.2,0.8,0,2,1.5072448253631592,1.5158417224884033,0.5303704142570496,870
0.65,1.2,0.6,1.5,0,2,1.500910997390747,2.5019474029541016,0.7163358926773071,873
0.5,1.2,0.6,0.8,0,2,1.5091586112976074,1.5164228677749634,0.5297048687934875,875
0.65,1.6,1.2,0.8,0,2,1.5010850429534912,3.4963109493255615,0.7253145575523376,875
0.5,1.2,0.6,1.5,0,2,1.5030816793441772,1.6073006391525269,0.526139497756958,876
0.65,1.6,0.6,0.8,0,2,1.5002858638763428,1.6867917776107788,0.644231915473938,876
0.5,1.2,0.6,1.5,0,2,1.5092952251434326,1.5978219509124756,0.5271793007850647,882
0.5,1.2,1.2,1.5,0,2,1.5012590885162354,1.5250884294509888,0.5275267958641052,882
0.5,1.2,1.2,1.5,0,2,1.5013400316238403,1.5289992094039917,0.5256535410881042,886
0.5,1.2,0.6,0.8,0,2,1.5069074630737305,1.507370114326477,0.5307190418243408,888
0.5,1.2,0.6,1.5,0,2,1.5019819736480713,1.5661375522613525,0.5252612829208374,889
0.5,1.6,0.6,0.8,0,2,1.504820466041565,1.5735106468200684,0.4691035747528076,894
0.65,1.6,0.6,1.5,0,2,1.5039806365966797,1.537711262702942,0.5776770114898682,895
0.5,1.2,0.6,1.5,0,2,1.5039215087890625,1.5696444511413574,0.5269573926925659,896
0.5,1.6,1.2,1.5,0,2,1.5054645538330078,1.687829613685608,0.5015043616294861,896
0.5,0.8,1.2,0.8,0,2,1.5052211284637451,1.576479196548462,0.5426445007324219,907
0.5,1.2,0.6,1.5,0,2,1.5054991245269775,1.5232553482055664,0.5290600657463074,907
0.5,1.2,1.2,0.8,0,2,1.5081734657287598,1.5778177976608276,0.5264565348625183,907
0.65,1.2,1.2,0.8,0,2,1.504917025566101,1.7956072092056274,0.6894081830978394,910
0.5,1.6,0.6,1.5,0,2,1.506639003753662,1.5066465139389038,0.4487067461013794,911
0.5,1.2,1.2,1.5,0,2,1.5029406547546387,1.6018352508544922,0.5275887846946716,920
0.5,1.6,1.2,1.5,0,2,1.500171422958374,1.6663384437561035,0.4976654052734375,922
0.5,1.2,0.6,0.8,0,2,1.506087303161621,1.5083441734313965,0.5297232270240784,924
0.5,1.6,1.2,1.5,0,2,1.5077258348464966,2.2245421409606934,0.5513477325439453,932
0.5,1.6,1.2,1.5,0,2,1.5051641464233398,2.1325063705444336,0.5442078113555908,933
0.5,1.6,1.2,1.5,0,2,1.508718490600586,1.994949460029602,0.5325890183448792,936
0.65,1.2,1.2,0.8,0,2,1.5062391757965088,2.312403917312622,0.7031453251838684,936
0.5,1.2,0.6,1.5,0,2,1.5077235698699951,1.617021083831787,0.5295782685279846,940
0.5,1.2,1.2,1.5,0,2,1.5031251907348633,1.6670782566070557,0.5414339303970337,942
0.5,1.6,0.6,1.5,0,2,1.507903814315796,1.5086305141448975,0.4514451026916504,942
0.5,1.6,1.2,1.5,0,2,1.5027986764907837,1.9302020072937012,0.5304290056228638,942
0.5,1.2,1.2,0.8,0,2,1.5059398412704468,1.5202867984771729,0.5279911756515503,946
0.5,1.6,1.2,0.8,0,2,1.5003647804260254,1.7922810316085815,0.5290032029151917,947
0.65,1.2,1.2,1.5,0,2,1.5129399299621582,2.5019419193267822,0.7560451030731201,950
0.5,1.6,0.6,1.5,0,2,1.5086716413497925,1.509997844696045,0.45118197798728943,951
0.65,1.6,0.6,0.8,0,2,1.5075750350952148,1.5592823028564453,0.5843966603279114,952
0.5,1.2,0.6,0.8,0,2,1.504937767982483,1.5255783796310425,0.5295119881629944,955
0.65,1.2,1.2,1.5,0,2,1.5139806270599365,2.822934627532959,0.7309117913246155,956
0.5,1.6,1.2,0.8,0,2,1.5088472366333008,1.9855093955993652,0.5326863527297974,961
0.5,1.2,1.2,0.8,0,2,1.501813292503357,1.5037627220153809,0.5289866924285889,962
0.5,1.2,0.6,1.5,0,2,1.5097270011901855,1.5104281902313232,0.5303043723106384,963
0.5,1.2,1.2,0.8,0,2,1.5033522844314575,1.5253593921661377,0.5317505598068237,965
0.5,1.2,1.2,1.5,0,2,1.5022966861724854,1.7017861604690552,0.5390687584877014,970
0.5,1.6,1.2,0.8,0,2,1.504224181175232,1.8463475704193115,0.5368781685829163,972
0.5,1.6,1.2,1.5,0,2,1.5071862936019897,1.8745254278182983,0.5322800874710083,979
0.65,1.2,1.2,1.5,0,2,1.5128471851348877,3.3229503631591797,0.8212101459503174,983
0.5,1.6,1.2,0.8,0,2,1.502750277519226,1.7584011554718018,0.5264977216720581,998
0.65,1.2,1.2,0.8,0,2,1.507218599319458,3.22426176071167,0.723983883857727,1001
0.5,1.6,1.2,1.5,0,2,1.5020719766616821,1.6595988273620605,0.4961007833480835,1002
0.5,1.2,1.2,1.5,0,2,1.504130244255066,1.7952547073364258,0.5510484576225281,1005
0.65,1.2,1.2,1.5,0,2,1.5003445148468018,3.575730562210083,0.7209845185279846,1008
0.5,1.2,1.2,1.5,0,2,1.503743052482605,1.864884853363037,0.5497136116027832,1010
0.5,1.6,1.2,0.8,0,2,1.5070786476135254,1.5084788799285889,0.45435988903045654,1012
0.5,1.6,0.6,1.5,0,2,1.5075141191482544,1.5615460872650146,0.47030457854270935,1021
0.65,1.2,1.2,0.8,0,2,1.503217101097107,3.883094549179077,0.7534868717193604,1030
0.5,1.6,0.6,1.5,0,2,1.5022730827331543,2.974045753479004,0.5462824702262878,1046
0.5,1.6,1.2,1.5,0,2,1.5017023086547852,1.5784189701080322,0.4742532968521118,1050
0.65,1.2,1.2,0.8,0,2,1.5085022449493408,3.7904882431030273,0.7323346138000488,1054
0.65,1.2,1.2,0.8,0,2,1.5086205005645752,4.050845623016357,0.7196964621543884,1055
0.5,1.6,1.2,0.8,0,2,1.5031678676605225,1.653400182723999,0.49444881081581116,1060
0.5,1.6,0.6,1.5,0,2,1.5006753206253052,2.972641706466675,0.5486844778060913,1067
0.5,1.6,1.2,1.5,0,2,1.5016813278198242,1.5494894981384277,0.46212589740753174,1102
0.5,1.6,0.6,1.5,0,2,1.5016971826553345,1.8998199701309204,0.5358047485351562,1103
0.5,1.6,1.2,1.5,0,2,1.504084587097168,1.6359584331512451,0.501227855682373,1158
0.5,1.6,1.2,1.5,0,2,1.5032241344451904,2.0715408325195312,0.5475413799285889,1196
0.65,0.8,0.6,1.5,0,2,1.5028362274169922,9.759812355041504,0.7303135991096497,1239
0.65,0.8,0.6,1.5,0,2,1.5050630569458008,10.20607852935791,0.7311913371086121,1291
0.65,0.8,0.6,1.5,0,2,1.501792311668396,10.195414543151855,0.7304614186286926,1294
0.5,1.6,1.2,0.8,0,2,1.5060861110687256,4.92171573638916,0.5623898506164551,1517
0.5,1.6,1.2,0.8,0,2,1.5068352222442627,3.8375744819641113,0.5441412329673767,1534
0.5,1.6,1.2,0.8,0,2,1.5049471855163574,5.530606746673584,0.5439115166664124,1572
0.5,1.6,0.6,0.8,0,2,1.5075221061706543,8.847284317016602,0.5440254211425781,1814
0.5,1.6,0.6,1.5,0,2,1.5064444541931152,9.594200134277344,0.5522722601890564,1876
0.5,1.6,0.6,0.8,0,2,1.5034842491149902,10.074520111083984,0.5645483732223511,1948
0.5,1.6,0.6,0.8,0,2,1.5058751106262207,10.042330741882324,0.5655790567398071,1948
0.5,1.6,0.6,0.8,0,2,1.5048160552978516,9.988990783691406,0.5649627447128296,1951
0.5,1.6,0.6,0.8,0,2,1.5099132061004639,9.732597351074219,0.5425520539283752,1982
0.5,1.6,0.6,0.8,0,1,1.4628241062164307,9.361626625061035,0.5406138896942139,2001
