success,reason,path_type,curvature,path_length_m,abs_cross_track_m,endpoint_distance_m,terminal_speed_mps,termination_step
1,success,s_curve,0.5,3.0,0.1825292557477951,0.1998753845691681,0.049200840294361115,524
1,success,straight,0.0,3.049999952316284,0.0017453321488574147,0.19906988739967346,0.0933605208992958,577
1,success,s_curve,0.5,3.5,0.18426868319511414,0.1999538242816925,0.04658496752381325,583
1,success,left_arc,0.25,3.0,0.026808686554431915,0.15447311103343964,0.09660407900810242,588
1,success,straight,0.0,3.1500000953674316,0.06664584577083588,0.18663446605205536,0.07552087306976318,607
1,success,left_arc,0.25,3.1000001430511475,0.001939799403771758,0.1500711590051651,0.09729775041341782,608
1,success,straight,0.0,3.1500000953674316,0.05296185612678528,0.18231171369552612,0.08920634537935257,609
1,success,s_curve,0.5,5.550000190734863,0.02192252315580845,0.13692398369312286,0.09462303668260574,614
1,success,straight,0.0,3.200000047683716,0.04085147753357887,0.1789746880531311,0.08962801098823547,616
1,success,right_arc,-0.20000000298023224,3.200000047683716,0.00964262429624796,0.15948031842708588,0.09991641342639923,625
1,success,s_curve,-0.5,4.450000286102295,0.14386001229286194,0.19898836314678192,0.07046286761760712,644
1,success,straight,0.0,3.4000000953674316,0.05454317852854729,0.18190892040729523,0.09834788739681244,647
1,success,left_arc,0.25,3.450000047683716,0.014709611423313618,0.16083791851997375,0.09843123704195023,647
1,success,right_arc,-0.20000000298023224,3.450000047683716,0.03831186518073082,0.15298190712928772,0.09985334426164627,658
1,success,straight,0.0,3.549999952316284,0.00386603525839746,0.19903656840324402,0.09929870069026947,659
1,success,right_arc,-0.20000000298023224,3.5,0.099756620824337,0.19567421078681946,0.0928490087389946,660
1,success,straight,0.0,3.549999952316284,0.0037784473970532417,0.19943194091320038,0.09192749857902527,660
1,success,straight,0.0,3.5,0.03786597400903702,0.17780935764312744,0.09818941354751587,667
1,success,s_curve,-0.5,4.400000095367432,0.1704643815755844,0.19936853647232056,0.03709344193339348,680
1,success,s_curve,0.25,3.200000047683716,0.1665717363357544,0.19954872131347656,0.0531935952603817,680
1,success,s_curve,0.25,3.25,0.15175002813339233,0.19995476305484772,0.07331161946058273,683
1,success,left_arc,0.3333333432674408,3.4000000953674316,0.10210208594799042,0.19951801002025604,0.06932434439659119,695
1,success,s_curve,-0.20000000298023224,3.549999952316284,0.12414136528968811,0.1998644769191742,0.09694504737854004,696
1,success,right_arc,-0.25,3.549999952316284,0.10665538907051086,0.19872744381427765,0.09574450552463531,697
1,success,straight,0.0,3.700000047683716,0.09874718636274338,0.196857750415802,0.09816902130842209,702
1,success,right_arc,-0.3333333432674408,3.1000001430511475,0.1876615732908249,0.1990852802991867,0.059734802693128586,708
1,success,right_arc,-0.20000000298023224,3.5,0.16078059375286102,0.19967885315418243,0.07775285094976425,710
1,success,s_curve,0.5,6.25,0.1837572157382965,0.19941522181034088,0.056289032101631165,718
1,success,straight,0.0,3.799999952316284,0.12327684462070465,0.19967688620090485,0.07764159142971039,723
1,success,s_curve,0.3333333432674408,3.049999952316284,0.18724972009658813,0.1999235451221466,0.03443435579538345,732
1,success,straight,0.0,3.9000000953674316,0.044385626912117004,0.17929607629776,0.08113573491573334,732
1,success,straight,0.0,3.8500001430511475,0.12661045789718628,0.19926577806472778,0.07718419283628464,735
1,success,s_curve,-0.5,5.050000190734863,0.022839438170194626,0.17622031271457672,0.07342904061079025,735
1,success,right_arc,-0.20000000298023224,4.050000190734863,0.006655082106590271,0.17470453679561615,0.0915108323097229,742
1,success,right_arc,-0.3333333432674408,4.0,0.006495421286672354,0.1747138649225235,0.0996531993150711,751
1,success,right_arc,-0.3333333432674408,3.1500000953674316,0.18391145765781403,0.199401393532753,0.04593891650438309,753
1,success,s_curve,0.3333333432674408,3.700000047683716,0.012887595221400261,0.1742962896823883,0.060098160058259964,756
1,success,straight,0.0,4.050000190734863,0.06479141116142273,0.18533779680728912,0.08104026317596436,759
1,success,s_curve,-0.5,7.099999904632568,0.06451517343521118,0.16769514977931976,0.0914849191904068,760
1,success,right_arc,-0.25,4.150000095367432,0.04918894171714783,0.1792372465133667,0.08064098656177521,763
1,success,s_curve,0.25,3.549999952316284,0.17124724388122559,0.19940301775932312,0.040508970618247986,765
1,success,s_curve,0.3333333432674408,3.049999952316284,0.18827609717845917,0.1998637318611145,0.04327668994665146,770
1,success,straight,0.0,4.150000095367432,0.014609919860959053,0.17545612156391144,0.07656098157167435,775
1,success,s_curve,0.5,7.400000095367432,0.08673349022865295,0.1635444015264511,0.09818807989358902,781
1,success,left_arc,0.20000000298023224,4.25,0.01705854758620262,0.18520094454288483,0.09961108863353729,783
1,success,left_arc,0.20000000298023224,4.200000286102295,0.0030285706743597984,0.17423707246780396,0.0815560594201088,784
1,success,left_arc,0.4000000059604645,5.0,0.06085233390331268,0.1866019070148468,0.09970270097255707,784
1,success,s_curve,-0.25,4.0,0.10392167419195175,0.1989787220954895,0.06367326527833939,786
1,success,left_arc,0.3333333432674408,3.700000047683716,0.17150430381298065,0.1998443752527237,0.05209539085626602,788
1,success,s_curve,0.25,3.8500001430511475,0.14367148280143738,0.1987684816122055,0.08500052988529205,797
1,success,s_curve,-0.20000000298023224,3.950000047683716,0.1292339563369751,0.19993548095226288,0.07381927222013474,808
1,success,left_arc,0.25,4.349999904632568,0.12761472165584564,0.199319526553154,0.0644916445016861,808
1,success,s_curve,-0.25,4.0,0.14262869954109192,0.19912844896316528,0.0615442730486393,810
1,success,left_arc,0.4000000059604645,3.8500001430511475,0.11785929650068283,0.19998404383659363,0.03245259448885918,812
1,success,left_arc,0.5,3.200000047683716,0.16800129413604736,0.1996307075023651,0.03252231329679489,817
1,success,straight,0.0,4.5,0.06283947825431824,0.19843502342700958,0.08487656712532043,826
1,success,straight,0.0,4.450000286102295,0.011740659363567829,0.1749190390110016,0.07575353235006332,826
1,success,straight,0.0,4.450000286102295,0.0828453078866005,0.19293418526649475,0.07469243556261063,827
1,success,left_arc,0.4000000059604645,5.200000286102295,0.006291141267865896,0.10267428308725357,0.09935104101896286,832
1,success,right_arc,-0.4000000059604645,5.200000286102295,0.09908515214920044,0.15771052241325378,0.09978263080120087,832
1,success,right_arc,-0.4000000059604645,5.200000286102295,0.010411176830530167,0.10936488211154938,0.09767688810825348,834
1,success,left_arc,0.4000000059604645,5.150000095367432,0.0023253881372511387,0.07719137519598007,0.09783230721950531,834
1,success,left_arc,0.4000000059604645,5.200000286102295,0.04721352458000183,0.14566753804683685,0.09853614866733551,834
1,success,left_arc,0.4000000059604645,5.200000286102295,0.07734233886003494,0.12295445054769516,0.09921793639659882,836
1,success,left_arc,0.4000000059604645,5.200000286102295,0.012584000825881958,0.12952065467834473,0.09883973747491837,838
1,success,left_arc,0.4000000059604645,5.200000286102295,0.03985399007797241,0.09057661890983582,0.09603332728147507,838
1,success,left_arc,0.4000000059604645,5.200000286102295,0.019807109609246254,0.14048229157924652,0.09822448343038559,838
1,success,right_arc,-0.4000000059604645,5.200000286102295,0.057520754635334015,0.15420730412006378,0.09999264776706696,841
1,success,s_curve,-0.25,4.400000095367432,0.05951322987675667,0.19989582896232605,0.0994616225361824,841
1,success,left_arc,0.4000000059604645,5.200000286102295,0.013066506013274193,0.13584624230861664,0.0997343361377716,842
1,success,right_arc,-0.4000000059604645,5.200000286102295,0.10300076752901077,0.1348963975906372,0.09827665984630585,842
1,success,straight,0.0,4.550000190734863,0.04189571365714073,0.1786404848098755,0.07426492869853973,843
1,success,straight,0.0,4.550000190734863,0.02954237163066864,0.1763349026441574,0.07402132451534271,843
1,success,left_arc,0.4000000059604645,5.200000286102295,0.1204536035656929,0.14508448541164398,0.09931854158639908,844
1,success,s_curve,-0.25,3.6000001430511475,0.19223350286483765,0.19991068542003632,0.023057235404849052,844
1,success,left_arc,0.4000000059604645,5.200000286102295,0.08738251030445099,0.11512408405542374,0.09811441600322723,845
1,success,right_arc,-0.4000000059604645,5.200000286102295,0.007760033011436462,0.05900069698691368,0.09996019303798676,850
1,success,left_arc,0.4000000059604645,5.200000286102295,0.13133080303668976,0.15145649015903473,0.09637680649757385,850
1,success,right_arc,-0.25,4.75,0.01912279613316059,0.19894802570343018,0.08023499697446823,850
1,success,right_arc,-0.25,4.650000095367432,0.030558275058865547,0.18021947145462036,0.09868656098842621,851
1,success,left_arc,0.4000000059604645,5.200000286102295,0.08929503709077835,0.105895034968853,0.09997787326574326,853
1,success,left_arc,0.4000000059604645,5.200000286102295,0.09900666028261185,0.12357749044895172,0.09924767166376114,855
1,success,right_arc,-0.4000000059604645,5.200000286102295,0.07401163876056671,0.08991143852472305,0.09961716830730438,856
1,success,right_arc,-0.4000000059604645,5.200000286102295,0.045429572463035583,0.06558562815189362,0.09931961447000504,858
1,success,left_arc,0.4000000059604645,5.200000286102295,0.1082596555352211,0.12015526741743088,0.09836317598819733,862
1,success,right_arc,-0.4000000059604645,5.200000286102295,0.06919438391923904,0.07512839883565903,0.09972243010997772,867
1,success,s_curve,-0.5,4.099999904632568,0.19936597347259521,0.1999804675579071,0.0062651364132761955,870
1,success,right_arc,-0.20000000298023224,4.800000190734863,0.09433925896883011,0.19506026804447174,0.09793180972337723,877
1,success,s_curve,-0.4000000059604645,4.400000095367432,0.17647941410541534,0.19945424795150757,0.029946602880954742,878
1,success,straight,0.0,4.849999904632568,0.10607469081878662,0.19885854423046112,0.0824170634150505,890
1,success,straight,0.0,4.900000095367432,0.07570193707942963,0.19872257113456726,0.08397387713193893,893
1,success,straight,0.0,4.900000095367432,0.11291377991437912,0.19973234832286835,0.07491805404424667,903
1,success,straight,0.0,5.0,0.04909064248204231,0.19850189983844757,0.09653673321008682,905
1,success,straight,0.0,4.950000286102295,0.07661308348178864,0.19025669991970062,0.08004861325025558,906
1,success,straight,0.0,5.050000190734863,0.05398736894130707,0.1818246990442276,0.08785703033208847,922
1,success,left_arc,0.4000000059604645,3.8500001430511475,0.13921208679676056,0.19987967610359192,0.030084867030382156,938
1,success,straight,0.0,5.200000286102295,0.0762324407696724,0.19039669632911682,0.08601789176464081,947
1,success,straight,0.0,5.25,0.08092372864484787,0.1992243528366089,0.09242898970842361,950
1,success,left_arc,0.20000000298023224,5.25,0.0982384979724884,0.1997213065624237,0.07044960558414459,959
1,success,left_arc,0.25,5.200000286102295,0.11200889199972153,0.19952988624572754,0.05959871783852577,967
1,success,straight,0.0,5.25,0.12078496068716049,0.19888855516910553,0.08609701693058014,968
1,success,straight,0.0,5.300000190734863,0.02945857308804989,0.17612387239933014,0.07450372725725174,968
1,success,straight,0.0,5.400000095367432,0.01805783249437809,0.19904109835624695,0.09039240330457687,970
1,success,straight,0.0,5.400000095367432,0.032355524599552155,0.1981959044933319,0.09636099636554718,971
1,success,straight,0.0,5.5,0.013909434899687767,0.19857057929039001,0.09234978258609772,987
1,success,right_arc,-0.5,3.299999952316284,0.1874293088912964,0.19982688128948212,0.015687471255660057,991
1,success,left_arc,0.4000000059604645,4.5,0.05857405066490173,0.19971007108688354,0.042498838156461716,992
1,success,straight,0.0,5.450000286102295,0.009309901855885983,0.17397648096084595,0.07658789306879044,993
1,success,left_arc,0.5,3.4000000953674316,0.18748438358306885,0.19992011785507202,0.04232344031333923,997
1,success,left_arc,0.4000000059604645,4.099999904632568,0.1459093689918518,0.19984453916549683,0.036896973848342896,1001
1,success,left_arc,0.5,3.6000001430511475,0.17707273364067078,0.1999090015888214,0.02271370403468609,1003
1,success,right_arc,-0.5,3.1500000953674316,0.1842426061630249,0.1993969827890396,0.04222917556762695,1004
1,success,straight,0.0,5.550000190734863,0.05956174433231354,0.18466079235076904,0.09147576987743378,1011
1,success,right_arc,-0.5,3.799999952316284,0.18588346242904663,0.19963966310024261,0.02737964317202568,1090
1,success,straight,0.0,6.200000286102295,0.011651532724499702,0.17460395395755768,0.07462181895971298,1119
1,success,straight,0.0,6.349999904632568,0.0129852881655097,0.19998693466186523,0.09657074511051178,1127
1,success,s_curve,0.25,4.849999904632568,0.024827033281326294,0.19991406798362732,0.0627727285027504,1128
1,success,straight,0.0,6.349999904632568,0.01782606542110443,0.19878539443016052,0.09033192694187164,1130
1,success,s_curve,0.25,4.849999904632568,0.024558499455451965,0.19913849234580994,0.056836001574993134,1132
1,success,straight,0.0,6.349999904632568,0.023307913914322853,0.19213952124118805,0.09943552315235138,1133
1,success,straight,0.0,6.300000190734863,0.04342895373702049,0.1795274168252945,0.07950279861688614,1135
1,success,straight,0.0,6.200000286102295,0.020480336621403694,0.15254275500774384,0.099015012383461,1136
1,success,s_curve,0.25,4.849999904632568,0.00041979248635470867,0.19991177320480347,0.058351561427116394,1141
1,success,s_curve,0.20000000298023224,4.599999904632568,0.12640658020973206,0.19990183413028717,0.0417209193110466,1146
1,success,straight,0.0,6.450000286102295,0.021028175950050354,0.1753818392753601,0.09222842007875443,1161
1,success,s_curve,-0.3333333432674408,4.900000095367432,0.03730040788650513,0.19909143447875977,0.05713514983654022,1161
1,success,s_curve,-0.20000000298023224,4.849999904632568,0.13989028334617615,0.19954118132591248,0.042382705956697464,1173
1,success,straight,0.0,6.599999904632568,0.0391056165099144,0.19843252003192902,0.09707111865282059,1174
1,success,right_arc,-0.5,4.150000095367432,0.05367589741945267,0.19949421286582947,0.03561067581176758,1177
1,success,s_curve,-0.25,4.75,0.0972399041056633,0.19976015388965607,0.052689600735902786,1177
1,success,straight,0.0,6.650000095367432,0.02441820688545704,0.19841031730175018,0.09664856642484665,1180
1,success,right_arc,-0.5,4.150000095367432,0.06885206699371338,0.19999225437641144,0.04636509343981743,1185
1,success,left_arc,0.5,4.150000095367432,0.08737434446811676,0.19992530345916748,0.03709201142191887,1185
1,success,right_arc,-0.5,4.150000095367432,0.036225251853466034,0.19966018199920654,0.03353220596909523,1188
1,success,right_arc,-0.5,4.150000095367432,0.06918055564165115,0.19977129995822906,0.03491479158401489,1189
1,success,right_arc,-0.5,4.150000095367432,0.044940657913684845,0.1998898833990097,0.033709652721881866,1190
1,success,left_arc,0.5,4.150000095367432,0.11789499223232269,0.19973866641521454,0.038063861429691315,1196
1,success,straight,0.0,6.700000286102295,0.007059510797262192,0.17370353639125824,0.08404915034770966,1201
1,success,right_arc,-0.5,4.150000095367432,0.07049506902694702,0.1995651125907898,0.03469066321849823,1207
1,success,right_arc,-0.5,4.150000095367432,0.09268834441900253,0.19977626204490662,0.03614716976881027,1209
1,success,straight,0.0,6.849999904632568,0.024326596409082413,0.19923804700374603,0.09875273704528809,1213
1,success,straight,0.0,6.849999904632568,0.01961156167089939,0.1992345005273819,0.09019743651151657,1213
1,success,straight,0.0,6.849999904632568,0.030626974999904633,0.1998283416032791,0.09540320932865143,1214
1,success,straight,0.0,6.800000190734863,0.03306662291288376,0.1768343448638916,0.07490015774965286,1219
1,success,left_arc,0.5,4.150000095367432,0.1323327273130417,0.1994195431470871,0.0369979552924633,1220
1,success,straight,0.0,6.900000095367432,0.05345063656568527,0.19895809888839722,0.0955665335059166,1225
1,success,s_curve,-0.20000000298023224,5.300000190734863,0.06993727385997772,0.18802429735660553,0.05424817278981209,1236
1,success,s_curve,0.3333333432674408,4.900000095367432,0.14611054956912994,0.19939477741718292,0.04383226856589317,1240
1,success,straight,0.0,6.950000286102295,0.01340685784816742,0.17431701719760895,0.0842212364077568,1243
1,success,straight,0.0,7.050000190734863,0.04491531103849411,0.17928609251976013,0.07411614805459976,1262
1,success,right_arc,-0.5,4.150000095367432,0.10120037943124771,0.19813691079616547,0.04675190523266792,1262
1,success,straight,0.0,7.150000095367432,0.04071653634309769,0.19828402996063232,0.09980706125497818,1266
1,success,straight,0.0,7.150000095367432,0.014989401213824749,0.1856062114238739,0.09277614951133728,1269
1,success,straight,0.0,7.25,0.025840193033218384,0.1994226574897766,0.0944351851940155,1280
1,success,straight,0.0,7.25,0.07969553023576736,0.194528728723526,0.09900138527154922,1290
1,success,s_curve,0.3333333432674408,5.450000286102295,0.08716581761837006,0.19508858025074005,0.05243485048413277,1291
1,success,straight,0.0,7.349999904632568,0.04132116213440895,0.19871379435062408,0.09813837707042694,1294
1,success,straight,0.0,3.799999952316284,0.061381254345178604,0.19969187676906586,0.08669812977313995,1314
1,success,straight,0.0,7.5,0.005141370929777622,0.19952392578125,0.09821812808513641,1320
1,success,right_arc,-0.5,4.150000095367432,0.14617855846881866,0.19985029101371765,0.024140074849128723,1322
1,success,s_curve,-0.20000000298023224,5.75,0.04455107823014259,0.19896546006202698,0.054602671414613724,1327
1,success,straight,0.0,7.550000190734863,0.023143235594034195,0.17604441940784454,0.08504675328731537,1343
1,success,straight,0.0,7.550000190734863,0.10871712863445282,0.1995796412229538,0.08333421498537064,1344
1,success,s_curve,-0.20000000298023224,5.900000095367432,0.05357346683740616,0.19909407198429108,0.05452544987201691,1347
1,success,straight,0.0,7.650000095367432,0.03897622600197792,0.19878089427947998,0.09295603632926941,1348
1,success,straight,0.0,7.650000095367432,0.06942387670278549,0.19912025332450867,0.09080886095762253,1350
1,success,straight,0.0,7.75,0.027056727558374405,0.1982385218143463,0.09007737040519714,1364
1,success,right_arc,-0.4000000059604645,5.200000286102295,0.07144265621900558,0.09805189073085785,0.09728704392910004,1368
1,success,straight,0.0,7.700000286102295,0.017919830977916718,0.17464129626750946,0.07397828251123428,1370
1,success,s_curve,-0.5,4.25,0.15136414766311646,0.19965045154094696,0.06927017867565155,1371
1,success,s_curve,0.5,4.800000190734863,0.1542268842458725,0.19858720898628235,0.07949887961149216,1376
1,success,right_arc,-0.5,4.150000095367432,0.16316090524196625,0.19960521161556244,0.02324230968952179,1376
1,success,s_curve,-0.3333333432674408,6.0,0.04763634502887726,0.19959984719753265,0.05490816757082939,1385
1,success,straight,0.0,7.800000190734863,0.07282991707324982,0.189192533493042,0.07935846596956253,1386
1,success,straight,0.0,7.900000095367432,0.01676832139492035,0.1998567432165146,0.09730739146471024,1387
1,success,s_curve,-0.5,5.800000190734863,0.09679046273231506,0.15448185801506042,0.09985813498497009,1429
1,success,s_curve,0.20000000298023224,5.599999904632568,0.17267844080924988,0.19977661967277527,0.032576367259025574,1433
1,success,s_curve,-0.3333333432674408,6.050000190734863,0.09250636398792267,0.19763509929180145,0.053935419768095016,1448
1,success,right_arc,-0.4000000059604645,3.0,0.165882870554924,0.19980469346046448,0.04877341911196709,1453
1,success,s_curve,0.3333333432674408,6.25,0.07932870835065842,0.1993536651134491,0.05087035894393921,1462
1,success,straight,0.0,4.200000286102295,0.07477530092000961,0.1897883117198944,0.08171483874320984,1462
1,success,left_arc,0.3333333432674408,4.400000095367432,0.04514463245868683,0.19950713217258453,0.09291517734527588,1463
1,success,straight,0.0,4.200000286102295,0.0019287671893835068,0.1747497171163559,0.07547815144062042,1467
1,success,right_arc,-0.4000000059604645,5.200000286102295,0.13785919547080994,0.16936692595481873,0.09811489284038544,1475
1,success,s_curve,-0.20000000298023224,6.300000190734863,0.07913875579833984,0.1921079456806183,0.05665689706802368,1492
1,success,left_arc,0.4000000059604645,5.200000286102295,0.006210438907146454,0.08114209026098251,0.09482324868440628,1494
1,success,straight,0.0,3.950000047683716,0.05202982947230339,0.18186567723751068,0.082896888256073,1496
1,success,s_curve,0.20000000298023224,6.5,0.05783401429653168,0.19950631260871887,0.05886216461658478,1503
1,success,right_arc,-0.3333333432674408,3.5,0.07320462167263031,0.19061388075351715,0.09748885780572891,1509
1,success,left_arc,0.20000000298023224,3.8500001430511475,0.02324073016643524,0.17685823142528534,0.081462562084198,1509
1,success,straight,0.0,3.700000047683716,0.0719607025384903,0.18675477802753448,0.09795518964529037,1515
1,success,left_arc,0.20000000298023224,3.700000047683716,0.1034405529499054,0.19989986717700958,0.04218978062272072,1524
1,success,straight,0.0,3.799999952316284,0.0805581584572792,0.18788732588291168,0.09676603972911835,1549
1,success,s_curve,0.3333333432674408,5.800000190734863,0.18825607001781464,0.19993987679481506,0.02236071228981018,1550
1,success,left_arc,0.3333333432674408,3.75,0.12029048800468445,0.19948861002922058,0.04781153425574303,1572
1,success,left_arc,0.20000000298023224,4.349999904632568,0.07357458770275116,0.19902269542217255,0.09043459594249725,1579
1,success,s_curve,0.25,3.8500001430511475,0.15388722717761993,0.19978797435760498,0.06709396839141846,1581
1,success,s_curve,-0.25,3.5,0.1604529768228531,0.19992966949939728,0.06600527465343475,1581
1,success,left_arc,0.20000000298023224,3.950000047683716,0.014927783980965614,0.17518092691898346,0.05803641304373741,1583
1,success,s_curve,0.5,4.099999904632568,0.195551797747612,0.1998734176158905,0.022441845387220383,1585
1,success,straight,0.0,4.050000190734863,0.07371202111244202,0.18986645340919495,0.08044593781232834,1593
1,success,left_arc,0.4000000059604645,4.700000286102295,0.09438714385032654,0.19931070506572723,0.09035629034042358,1600
1,success,s_curve,-0.20000000298023224,6.800000190734863,0.003417272586375475,0.17498472332954407,0.05703410133719444,1612
1,success,s_curve,-0.25,7.0,0.006759856827557087,0.1993774175643921,0.053250424563884735,1624
1,success,s_curve,0.20000000298023224,7.099999904632568,0.017071465030312538,0.19920499622821808,0.05248848721385002,1638
1,success,right_arc,-0.20000000298023224,4.900000095367432,0.14888884127140045,0.1994985193014145,0.05525803565979004,1646
1,success,s_curve,0.25,3.9000000953674316,0.1345745027065277,0.19861915707588196,0.08785561472177505,1646
1,success,s_curve,-0.20000000298023224,7.25,0.029011651873588562,0.1999794840812683,0.04979962110519409,1668
1,success,left_arc,0.4000000059604645,5.200000286102295,0.1640469878911972,0.1709718555212021,0.09875445067882538,1675
1,success,s_curve,-0.25,4.150000095367432,0.037522509694099426,0.17830824851989746,0.0611601322889328,1691
1,success,straight,0.0,4.800000190734863,0.09281641244888306,0.19779565930366516,0.08340609818696976,1693
1,success,s_curve,-0.20000000298023224,7.200000286102295,0.05668375641107559,0.1831609606742859,0.06740836054086685,1694
1,success,s_curve,-0.20000000298023224,7.300000190734863,0.09752979874610901,0.19936946034431458,0.050864920020103455,1710
1,success,straight,0.0,4.400000095367432,0.036147329956293106,0.19839106500148773,0.09060490876436234,1711
1,success,s_curve,-0.25,7.050000190734863,0.07345961034297943,0.1894880086183548,0.06725171208381653,1712
1,success,s_curve,-0.5,7.400000095367432,0.19993078708648682,0.1999993473291397,0.0012343934504315257,1713
1,success,left_arc,0.3333333432674408,3.3500001430511475,0.18200619518756866,0.19966284930706024,0.02252054773271084,1726
1,success,straight,0.0,5.349999904632568,0.04970376938581467,0.1994752585887909,0.08689703047275543,1728
1,success,s_curve,-0.25,7.5,0.02473488077521324,0.1996230185031891,0.06914445757865906,1729
1,success,s_curve,0.25,7.5,0.001418356434442103,0.19986243546009064,0.0646018460392952,1733
1,success,straight,0.0,4.200000286102295,0.08628600835800171,0.19402481615543365,0.0768602266907692,1751
1,success,s_curve,0.3333333432674408,6.800000190734863,0.17761942744255066,0.19976961612701416,0.03310248255729675,1770
1,success,straight,0.0,5.650000095367432,0.014173855073750019,0.19860275089740753,0.09070992469787598,1771
1,success,s_curve,-0.3333333432674408,7.450000286102295,0.04133519530296326,0.17986202239990234,0.061781272292137146,1779
1,success,right_arc,-0.4000000059604645,3.0,0.08731666207313538,0.19791661202907562,0.06129510700702667,1779
1,success,s_curve,0.25,3.950000047683716,0.13689012825489044,0.19916540384292603,0.062320224940776825,1785
1,success,straight,0.0,4.800000190734863,0.006500466261059046,0.1743079125881195,0.08078951388597488,1786
1,success,straight,0.0,5.75,0.019887274131178856,0.19943444430828094,0.09837348759174347,1798
1,success,straight,0.0,6.0,0.01134510338306427,0.18006731569766998,0.09735003858804703,1801
1,success,straight,0.0,6.849999904632568,0.04068930447101593,0.19886185228824615,0.0937514379620552,1803
1,success,straight,0.0,3.5,0.1288621723651886,0.19977939128875732,0.08395817875862122,1822
1,success,right_arc,-0.25,4.700000286102295,0.001444215071387589,0.17471875250339508,0.09775112569332123,1824
1,success,s_curve,-0.3333333432674408,7.700000286102295,0.07909281551837921,0.19218754768371582,0.0543074756860733,1828
1,success,straight,0.0,7.200000286102295,0.01258108764886856,0.17413564026355743,0.09528183192014694,1860
1,success,left_arc,0.5,3.5,0.18166787922382355,0.19989845156669617,0.04113665595650673,1868
1,success,s_curve,0.20000000298023224,7.900000095367432,0.14625898003578186,0.1998281478881836,0.040382206439971924,1870
1,success,left_arc,0.4000000059604645,3.450000047683716,0.15784944593906403,0.19993461668491364,0.05124602094292641,1874
1,success,straight,0.0,6.599999904632568,0.039360180497169495,0.1996859759092331,0.09560155123472214,1874
1,success,straight,0.0,5.050000190734863,0.042051978409290314,0.17902527749538422,0.07639535516500473,1876
1,success,s_curve,0.25,7.950000286102295,0.10990338027477264,0.19954904913902283,0.04937700182199478,1877
1,success,s_curve,0.20000000298023224,3.9000000953674316,0.13150808215141296,0.1999921351671219,0.08469502627849579,1883
1,success,straight,0.0,4.0,0.0736536830663681,0.18926849961280823,0.08429998904466629,1883
1,success,s_curve,0.3333333432674408,4.400000095367432,0.10676097869873047,0.19277642667293549,0.09294012188911438,1883
1,success,right_arc,-0.5,4.150000095367432,0.09310223907232285,0.199849471449852,0.037562280893325806,1890
1,success,s_curve,0.3333333432674408,7.849999904632568,0.05790393427014351,0.19926349818706512,0.04843109846115112,1893
1,success,s_curve,-0.5,6.75,0.012642047367990017,0.12948572635650635,0.09994944930076599,1930
1,success,straight,0.0,4.300000190734863,0.052733056247234344,0.18213506042957306,0.07936453819274902,1931
1,success,right_arc,-0.5,4.150000095367432,0.05963967740535736,0.19981858134269714,0.043378520756959915,1935
1,success,s_curve,0.25,5.450000286102295,0.06836744397878647,0.18794487416744232,0.052808716893196106,1937
1,success,left_arc,0.5,3.6500000953674316,0.18445929884910583,0.19952476024627686,0.03269491717219353,1937
1,success,s_curve,0.3333333432674408,3.4000000953674316,0.17429669201374054,0.19987399876117706,0.03692729398608208,1937
1,success,right_arc,-0.3333333432674408,4.25,0.10194355994462967,0.19905225932598114,0.09459841251373291,1958
1,success,s_curve,-0.20000000298023224,3.950000047683716,0.1282065510749817,0.1991618275642395,0.08558578789234161,1975
1,success,left_arc,0.25,4.75,0.024601589888334274,0.19936209917068481,0.07028482109308243,1980
1,success,left_arc,0.5,4.150000095367432,0.08007226884365082,0.19990772008895874,0.03536854684352875,1982
1,success,left_arc,0.5,4.150000095367432,0.1470302939414978,0.19997423887252808,0.03644588962197304,1987
1,success,straight,0.0,6.450000286102295,0.015013566240668297,0.17517422139644623,0.08280657231807709,1992
1,success,straight,0.0,6.400000095367432,0.029069814831018448,0.1988399177789688,0.09012261778116226,1993
1,success,left_arc,0.4000000059604645,3.3500001430511475,0.1681210845708847,0.19999763369560242,0.02955957129597664,1998
0,timeout,s_curve,0.4000000059604645,3.25,0.4815383553504944,0.4815561771392822,0.0009509468218311667,2001
0,timeout,s_curve,-0.5,7.75,0.32703495025634766,0.32718732953071594,0.0010916731553152204,2001
0,timeout,right_arc,-0.20000000298023224,6.300000190734863,0.44715046882629395,0.4478708505630493,0.0004684478335548192,2001
0,timeout,right_arc,-0.3333333432674408,3.1500000953674316,0.22720536589622498,0.22821758687496185,0.00033893040381371975,2001
0,timeout,s_curve,-0.4000000059604645,7.25,0.8866183757781982,0.8866418600082397,0.0012624668888747692,2001
0,timeout,left_arc,0.3333333432674408,5.25,0.3676145076751709,0.36800143122673035,0.00042690671398304403,2001
0,timeout,left_arc,0.20000000298023224,7.900000095367432,0.4429619312286377,0.44331425428390503,0.010476289317011833,2001
0,timeout,left_arc,0.25,7.650000095367432,0.3897133767604828,0.38999584317207336,0.0020794658921658993,2001
0,timeout,s_curve,0.4000000059604645,5.75,0.24448175728321075,0.2445027232170105,0.0008854218758642673,2001
0,timeout,left_arc,0.20000000298023224,5.300000190734863,0.3968532681465149,0.39710482954978943,0.0027914384845644236,2001
0,timeout,right_arc,-0.3333333432674408,6.25,0.6591939926147461,0.6592154502868652,0.00042540530557744205,2001
0,timeout,right_arc,-0.20000000298023224,7.700000286102295,0.37882792949676514,0.37938031554222107,0.0006027852068655193,2001
0,timeout,s_curve,-0.4000000059604645,6.400000095367432,0.49155399203300476,0.4915885925292969,0.000949026842135936,2001
0,timeout,right_arc,-0.25,7.650000095367432,0.41781237721443176,0.41871267557144165,0.003918097820132971,2001
0,timeout,left_arc,0.20000000298023224,4.800000190734863,0.5072533488273621,0.5075319409370422,7.932794687803835e-05,2001
0,timeout,s_curve,-0.4000000059604645,6.599999904632568,0.5653030872344971,0.5653409361839294,0.0011172289960086346,2001
0,timeout,right_arc,-0.25,7.400000095367432,0.5499228835105896,0.5503113269805908,0.0044881245121359825,2001
0,timeout,right_arc,-0.3333333432674408,4.900000095367432,0.3303625285625458,0.6389563679695129,0.04937315359711647,2001
0,timeout,left_arc,0.3333333432674408,6.25,0.6730773448944092,0.6731183528900146,0.0001442861248506233,2001
0,timeout,right_arc,-0.3333333432674408,5.599999904632568,0.46004289388656616,0.4603038430213928,0.0009397825924679637,2001
0,timeout,left_arc,0.25,4.800000190734863,0.509656548500061,0.5097532868385315,0.0004462070355657488,2001
0,timeout,right_arc,-0.25,6.0,0.5447279214859009,0.5448884963989258,0.0007244535372592509,2001
0,timeout,s_curve,0.4000000059604645,7.75,1.0860223770141602,1.0860860347747803,0.0009438446722924709,2001
0,timeout,right_arc,-0.3333333432674408,6.099999904632568,0.631110429763794,0.6311275959014893,0.0017536105588078499,2001
0,timeout,left_arc,0.20000000298023224,5.200000286102295,0.6039800643920898,0.6875854730606079,0.06611519306898117,2001
0,timeout,left_arc,0.25,5.599999904632568,0.44099706411361694,0.4415279030799866,0.0009253526804968715,2001
0,timeout,left_arc,0.5,4.150000095367432,0.355162113904953,0.35585498809814453,0.009707835502922535,2001
0,timeout,left_arc,0.3333333432674408,6.25,0.6176785826683044,0.6178037524223328,0.00036672575515694916,2001
0,timeout,s_curve,0.5,5.950000286102295,0.2600858807563782,0.26017558574676514,0.00083658576477319,2001
0,timeout,left_arc,0.25,6.150000095367432,0.5130376219749451,0.5133498311042786,0.00037000590236857533,2001
0,timeout,left_arc,0.20000000298023224,5.650000095367432,0.42173707485198975,0.4219937026500702,0.00018605723744258285,2001
0,timeout,left_arc,0.25,7.450000286102295,0.4666823744773865,0.46720725297927856,0.004105726256966591,2001
0,timeout,left_arc,0.25,6.099999904632568,0.5726523399353027,0.5730186700820923,0.0006363300490193069,2001
0,timeout,s_curve,0.4000000059604645,7.050000190734863,0.737702488899231,0.737765908241272,0.0008463457925245166,2001
0,timeout,right_arc,-0.25,5.400000095367432,0.4335661828517914,0.4335925877094269,0.001589552965015173,2001
0,timeout,left_arc,0.25,6.099999904632568,0.5817829966545105,0.5821759700775146,0.0004072977462783456,2001
0,timeout,s_curve,0.5,7.200000286102295,0.377281129360199,0.37736454606056213,0.0007449362310580909,2001
0,timeout,s_curve,-0.4000000059604645,7.349999904632568,0.8557519316673279,0.8557735085487366,0.0009186487295664847,2001
0,timeout,s_curve,-0.5,7.099999904632568,0.3151535987854004,0.31518569588661194,0.0007744214381091297,2001
0,timeout,s_curve,-0.4000000059604645,6.099999904632568,0.45608705282211304,0.4561159014701843,0.0009514202829450369,2001
0,timeout,right_arc,-0.3333333432674408,6.150000095367432,0.5210773944854736,0.5212322473526001,0.0005808392306789756,2001
0,timeout,s_curve,-0.3333333432674408,5.300000190734863,0.20080462098121643,0.20108722150325775,0.0009193641599267721,2001
0,timeout,left_arc,0.20000000298023224,5.599999904632568,0.4248345196247101,0.42544737458229065,0.00038047111593186855,2001
0,timeout,right_arc,-0.25,6.849999904632568,0.5994162559509277,0.5996494293212891,0.007381593342870474,2001
0,timeout,right_arc,-0.3333333432674408,6.150000095367432,0.5369784235954285,0.5372172594070435,0.0004905172972939909,2001
0,timeout,left_arc,0.25,6.700000286102295,0.5642165541648865,0.5643559694290161,0.017242705449461937,2001
0,timeout,s_curve,-0.4000000059604645,6.099999904632568,0.3266538977622986,0.32673099637031555,0.0011762452777475119,2001
0,timeout,s_curve,-0.4000000059604645,3.9000000953674316,0.2670164406299591,0.2670229971408844,0.0009551860275678337,2001
0,timeout,s_curve,0.4000000059604645,5.950000286102295,0.4036780595779419,0.40370404720306396,0.0011550573399290442,2001
0,timeout,s_curve,0.3333333432674408,6.450000286102295,0.33904996514320374,0.339421808719635,0.0018945414340123534,2001
0,timeout,right_arc,-0.25,5.300000190734863,0.4270205795764923,0.42785951495170593,0.01353221945464611,2001
0,timeout,right_arc,-0.25,4.25,0.32329413294792175,0.32380640506744385,0.00017872054013423622,2001
0,timeout,s_curve,0.4000000059604645,6.300000190734863,0.49465808272361755,0.4947185218334198,0.0007679826230742037,2001
0,timeout,s_curve,-0.4000000059604645,5.700000286102295,0.24607756733894348,0.24608126282691956,0.0009767607552930713,2001
0,timeout,s_curve,-0.4000000059604645,6.550000190734863,0.6421699523925781,0.6422118544578552,0.0007774464902468026,2001
0,timeout,s_curve,0.3333333432674408,3.3500001430511475,0.2086063027381897,0.20882239937782288,0.0012676416663452983,2001
0,timeout,s_curve,-0.3333333432674408,4.300000190734863,0.33689001202583313,0.33689016103744507,0.0011763636721298099,2001
0,timeout,right_arc,-0.20000000298023224,7.650000095367432,0.38977593183517456,0.39006948471069336,0.0033114992547780275,2001
0,timeout,right_arc,-0.20000000298023224,7.650000095367432,0.41955599188804626,0.4200310707092285,0.0026426685508340597,2001
0,timeout,s_curve,-0.4000000059604645,6.75,0.7716587781906128,0.7717359066009521,0.0009613134898245335,2001
0,timeout,s_curve,0.3333333432674408,4.450000286102295,0.26443490386009216,0.26444536447525024,0.0014849627623334527,2001
0,timeout,right_arc,-0.25,4.25,0.29777991771698,0.29848289489746094,0.0003266058920416981,2001
0,timeout,s_curve,0.4000000059604645,6.300000190734863,0.5522465109825134,0.5522603988647461,0.0007409823010675609,2001
1,success,right_arc,-0.25,4.0,0.0012391125783324242,0.17368346452713013,0.09498012065887451,2007
1,success,s_curve,-0.3333333432674408,4.800000190734863,0.06769955158233643,0.18770863115787506,0.05509938299655914,2011
1,success,s_curve,-0.3333333432674408,5.0,0.07586278766393661,0.1993371993303299,0.051881883293390274,2016
1,success,right_arc,-0.4000000059604645,5.200000286102295,0.0010294495150446892,0.07604305446147919,0.09975320100784302,2024
1,success,s_curve,-0.20000000298023224,4.150000095367432,0.12027539312839508,0.198932483792305,0.08482655137777328,2029
1,success,straight,0.0,7.200000286102295,0.06851202994585037,0.1876721978187561,0.08871990442276001,2045
1,success,s_curve,0.20000000298023224,3.75,0.14753670990467072,0.1991889923810959,0.08530837297439575,2045
1,success,s_curve,-0.20000000298023224,4.800000190734863,0.1082901656627655,0.19927994906902313,0.05552446097135544,2060
1,success,s_curve,-0.4000000059604645,5.550000190734863,0.07865061610937119,0.18584944307804108,0.09168487787246704,2061
1,success,straight,0.0,4.849999904632568,0.0599905289709568,0.19976340234279633,0.09388277679681778,2070
1,success,straight,0.0,4.599999904632568,0.11878100037574768,0.19857127964496613,0.08116353303194046,2075
1,success,right_arc,-0.25,5.150000095367432,0.07091742008924484,0.19918103516101837,0.08030152320861816,2076
1,success,right_arc,-0.25,4.5,0.03674676641821861,0.16345372796058655,0.09937761723995209,2079
1,success,right_arc,-0.5,4.150000095367432,0.10018828511238098,0.19741404056549072,0.04819975420832634,2082
1,success,straight,0.0,7.349999904632568,0.08098533749580383,0.1995801031589508,0.09259513020515442,2085
1,success,s_curve,-0.3333333432674408,5.300000190734863,0.06758482754230499,0.1877443492412567,0.055176664143800735,2090
1,success,straight,0.0,4.950000286102295,0.005929763428866863,0.17412787675857544,0.09101859480142593,2097
1,success,straight,0.0,7.0,0.0024043009616434574,0.1982700228691101,0.0903414860367775,2115
1,success,straight,0.0,7.050000190734863,0.013962928205728531,0.17447327077388763,0.07435696572065353,2118
1,success,s_curve,-0.5,5.200000286102295,0.022528599947690964,0.1756838709115982,0.0742003545165062,2123
1,success,straight,0.0,7.300000190734863,0.018773281946778297,0.1754290759563446,0.07803225517272949,2141
1,success,s_curve,0.5,7.5,0.18626993894577026,0.19950994849205017,0.05235769599676132,2141
1,success,straight,0.0,7.400000095367432,0.05985020101070404,0.19219858944416046,0.094326451420784,2147
1,success,straight,0.0,4.300000190734863,0.03681078925728798,0.17776767909526825,0.07451025396585464,2150
1,success,s_curve,0.25,3.6500000953674316,0.05603215470910072,0.14369650185108185,0.09959378093481064,2153
1,success,straight,0.0,7.450000286102295,0.06031832844018936,0.18505388498306274,0.0843922421336174,2165
1,success,straight,0.0,3.950000047683716,0.011571538634598255,0.1742676943540573,0.08007603883743286,2169
1,success,left_arc,0.20000000298023224,3.549999952316284,0.12213742733001709,0.19931603968143463,0.08135109394788742,2174
1,success,s_curve,-0.3333333432674408,3.950000047683716,0.12366838753223419,0.19926343858242035,0.06053902581334114,2182
1,success,left_arc,0.5,4.150000095367432,0.0006062176544219255,0.1747303605079651,0.04799105226993561,2204
1,success,right_arc,-0.20000000298023224,3.299999952316284,0.16220557689666748,0.18136362731456757,0.09950776398181915,2210
1,success,straight,0.0,7.700000286102295,0.018807126209139824,0.1751238852739334,0.07649194449186325,2210
1,success,s_curve,0.3333333432674408,4.349999904632568,0.04611005634069443,0.16575433313846588,0.09525806456804276,2215
1,success,straight,0.0,7.099999904632568,0.0014954876387491822,0.19863921403884888,0.09651946276426315,2221
1,success,straight,0.0,7.25,0.010958054102957249,0.19915440678596497,0.09135995805263519,2247
1,success,right_arc,-0.4000000059604645,3.9000000953674316,0.14629940688610077,0.1998029500246048,0.02758011594414711,2251
1,success,s_curve,0.25,5.050000190734863,0.1380939781665802,0.19974789023399353,0.03679385036230087,2265
1,success,s_curve,0.3333333432674408,3.4000000953674316,0.07340638339519501,0.13681909441947937,0.09387420117855072,2297
1,success,right_arc,-0.25,4.599999904632568,0.034164536744356155,0.15206865966320038,0.09491027146577835,2306
1,success,left_arc,0.3333333432674408,5.0,0.05372600257396698,0.19922278821468353,0.0961657240986824,2307
1,success,right_arc,-0.25,4.900000095367432,0.12894977629184723,0.19891372323036194,0.07524121552705765,2307
1,success,right_arc,-0.4000000059604645,5.200000286102295,0.027804981917142868,0.15091536939144135,0.09843563288450241,2311
1,success,s_curve,-0.25,7.5,0.02123405784368515,0.19956503808498383,0.06266247481107712,2331
1,success,s_curve,0.5,7.200000286102295,0.19879449903964996,0.19985921680927277,0.03276744484901428,2335
1,success,straight,0.0,7.550000190734863,0.08099208027124405,0.19205838441848755,0.08110912144184113,2343
1,success,right_arc,-0.5,3.6500000953674316,0.17538166046142578,0.1999545693397522,0.02310292050242424,2347
1,success,s_curve,-0.5,7.450000286102295,0.028565242886543274,0.135163351893425,0.0996771827340126,2357
1,success,s_curve,-0.5,5.349999904632568,0.06274427473545074,0.19941580295562744,0.08028213679790497,2363
1,success,left_arc,0.5,3.799999952316284,0.16138312220573425,0.19995178282260895,0.03332354128360748,2364
1,success,s_curve,0.20000000298023224,4.900000095367432,0.06700827926397324,0.199698343873024,0.049758680164813995,2378
1,success,s_curve,0.20000000298023224,6.5,0.11726979166269302,0.1998402625322342,0.05817188322544098,2389
1,success,left_arc,0.5,4.150000095367432,0.1020640954375267,0.19991977512836456,0.034681886434555054,2391
1,success,s_curve,0.20000000298023224,6.75,0.014885438606142998,0.19944073259830475,0.06573237478733063,2398
1,success,right_arc,-0.3333333432674408,4.349999904632568,0.07881076633930206,0.1682806760072708,0.09953326731920242,2400
1,success,straight,0.0,4.75,0.014663539826869965,0.19881309568881989,0.09421182423830032,2411
1,success,straight,0.0,7.0,0.013589629903435707,0.19929364323616028,0.09162375330924988,2414
1,success,left_arc,0.3333333432674408,3.1500000953674316,0.19071288406848907,0.1986650824546814,0.08968411386013031,2418
1,success,right_arc,-0.4000000059604645,5.200000286102295,0.10241961479187012,0.1354316622018814,0.09945087134838104,2418
1,success,straight,0.0,6.700000286102295,0.015709763392806053,0.1746368706226349,0.07472740113735199,2423
1,success,left_arc,0.5,4.150000095367432,0.15010567009449005,0.1999831646680832,0.03623244911432266,2438
1,success,straight,0.0,6.550000190734863,0.012532789260149002,0.17447243630886078,0.08409497886896133,2446
1,success,straight,0.0,5.75,0.06413406133651733,0.1995416134595871,0.09956738352775574,2466
1,success,straight,0.0,6.650000095367432,0.0039062434807419777,0.1998966783285141,0.09677420556545258,2469
1,success,straight,0.0,6.150000095367432,0.020785098895430565,0.19833476841449738,0.09063616394996643,2472
1,success,right_arc,-0.4000000059604645,5.200000286102295,0.024391841143369675,0.14445722103118896,0.09947282820940018,2475
1,success,s_curve,-0.3333333432674408,6.700000286102295,0.10747383534908295,0.19925591349601746,0.061073604971170425,2480
1,success,s_curve,0.20000000298023224,7.599999904632568,0.10826322436332703,0.1997152417898178,0.05623149126768112,2481
1,success,s_curve,-0.25,5.050000190734863,0.12347802519798279,0.19954641163349152,0.04628664255142212,2492
1,success,straight,0.0,5.700000286102295,0.046418625861406326,0.17991892993450165,0.08942019939422607,2501
1,success,straight,0.0,4.849999904632568,0.02380027249455452,0.19991545379161835,0.09081209450960159,2502
1,success,straight,0.0,5.650000095367432,0.014558597467839718,0.19963036477565765,0.09738804399967194,2507
1,success,s_curve,-0.5,4.849999904632568,0.10535303503274918,0.19950012862682343,0.08270929008722305,2513
1,success,s_curve,-0.4000000059604645,5.349999904632568,0.05183321237564087,0.19923996925354004,0.044769611209630966,2517
1,success,straight,0.0,6.550000190734863,0.02020183578133583,0.17478685081005096,0.08049386739730835,2519
1,success,s_curve,-0.5,5.700000286102295,0.1106773093342781,0.16056914627552032,0.09828725457191467,2520
1,success,s_curve,0.4000000059604645,5.150000095367432,0.13335707783699036,0.19925424456596375,0.07947594672441483,2524
1,success,right_arc,-0.5,4.150000095367432,0.16273650527000427,0.1996617317199707,0.023370476439595222,2533
1,success,s_curve,0.20000000298023224,4.099999904632568,0.1241307482123375,0.19844184815883636,0.09184549003839493,2539
1,success,left_arc,0.4000000059604645,5.200000286102295,0.11545582860708237,0.13999924063682556,0.09782352298498154,2555
1,success,s_curve,-0.20000000298023224,5.200000286102295,0.07020463049411774,0.18819917738437653,0.052983906120061874,2559
1,success,s_curve,0.3333333432674408,5.700000286102295,0.19044330716133118,0.1999039202928543,0.01670629344880581,2565
0,timeout,right_arc,-0.25,5.099999904632568,0.41357603669166565,0.41382694244384766,0.005673588719218969,2584
1,success,right_arc,-0.20000000298023224,3.1000001430511475,0.0026549482718110085,0.1593421995639801,0.09177414327859879,2586
1,success,straight,0.0,4.950000286102295,0.14329314231872559,0.19951771199703217,0.0777069479227066,2593
1,success,right_arc,-0.4000000059604645,5.200000286102295,0.13109190762043,0.13871167600154877,0.09991534054279327,2595
1,success,straight,0.0,5.950000286102295,0.007282269187271595,0.17405031621456146,0.07444310188293457,2601
0,timeout,left_arc,0.25,5.700000286102295,0.49073824286460876,0.4912053048610687,0.0006161537603475153,2609
0,timeout,left_arc,0.25,6.300000190734863,0.5390379428863525,0.5391945838928223,0.001553982961922884,2615
0,timeout,left_arc,0.25,5.950000286102295,0.5503829121589661,0.5507429838180542,0.002027226146310568,2617
1,success,straight,0.0,3.299999952316284,0.06959103792905807,0.19972272217273712,0.0937240719795227,2625
1,success,s_curve,-0.4000000059604645,4.849999904632568,0.028160110116004944,0.17035813629627228,0.09923066198825836,2629
1,success,left_arc,0.20000000298023224,3.25,0.020091518759727478,0.14208276569843292,0.0935172364115715,2636
1,success,straight,0.0,7.099999904632568,0.07283200323581696,0.18461719155311584,0.09154334664344788,2647
0,timeout,left_arc,0.25,5.800000190734863,0.5738279223442078,0.5741974711418152,0.00025990972062572837,2648
1,success,straight,0.0,3.4000000953674316,0.026508111506700516,0.17581896483898163,0.09958656132221222,2649
1,success,straight,0.0,3.4000000953674316,0.01518633496016264,0.17543859779834747,0.07428592443466187,2651
1,success,left_arc,0.5,4.150000095367432,0.010598193854093552,0.17550556361675262,0.0470358170568943,2658
0,timeout,s_curve,-0.4000000059604645,5.849999904632568,0.33804386854171753,0.338081032037735,0.000981750781647861,2659
0,timeout,s_curve,0.5,7.599999904632568,0.26979389786720276,0.2699171006679535,0.0008153780363500118,2661
1,success,straight,0.0,3.549999952316284,0.023820530623197556,0.19634000957012177,0.09914062172174454,2662
1,success,straight,0.0,3.450000047683716,0.056611932814121246,0.17540499567985535,0.09714633971452713,2665
1,success,right_arc,-0.3333333432674408,3.1000001430511475,0.1664055734872818,0.18210141360759735,0.09321355074644089,2671
1,success,left_arc,0.4000000059604645,4.599999904632568,0.08472928404808044,0.19998198747634888,0.044821806252002716,2676
0,timeout,left_arc,0.3333333432674408,6.150000095367432,0.5458446145057678,0.5459418892860413,0.009546035900712013,2681
1,success,s_curve,-0.20000000298023224,4.050000190734863,0.11712382733821869,0.19978830218315125,0.08800861239433289,2681
1,success,left_arc,0.3333333432674408,4.800000190734863,0.14337259531021118,0.19898098707199097,0.08050471544265747,2684
1,success,straight,0.0,3.549999952316284,0.06347769498825073,0.16869623959064484,0.09950577467679977,2689
1,success,left_arc,0.5,3.049999952316284,0.1957765817642212,0.19998271763324738,0.012233161367475986,2693
1,success,left_arc,0.25,3.549999952316284,0.08819358050823212,0.19437123835086823,0.09710203111171722,2694
0,timeout,s_curve,0.25,4.450000286102295,0.2984004318714142,0.29842254519462585,0.0012742729159072042,2698
1,success,s_curve,0.20000000298023224,6.349999904632568,0.04630907624959946,0.19982455670833588,0.05538032203912735,2701
1,success,left_arc,0.25,3.6000001430511475,0.009357985109090805,0.17498721182346344,0.09348289668560028,2706
0,timeout,left_arc,0.20000000298023224,5.950000286102295,0.4677079916000366,0.468065470457077,0.002305656438693404,2709
1,success,left_arc,0.20000000298023224,4.849999904632568,0.13409632444381714,0.199953094124794,0.05497843399643898,2711
0,timeout,left_arc,0.25,6.400000095367432,0.5661642551422119,0.5661712288856506,0.0026237566489726305,2711
1,success,s_curve,-0.3333333432674408,3.4000000953674316,0.16529959440231323,0.19904755055904388,0.05890292674303055,2714
0,timeout,left_arc,0.20000000298023224,8.0,0.4339364171028137,0.4341771900653839,0.011220156215131283,2736
0,timeout,left_arc,0.20000000298023224,6.800000190734863,0.5189793705940247,0.5191380381584167,0.00956147350370884,2736
1,success,right_arc,-0.3333333432674408,3.8500001430511475,0.10011907666921616,0.19924084842205048,0.061809640377759933,2743
1,success,left_arc,0.4000000059604645,4.650000095367432,0.0733516737818718,0.19965329766273499,0.08439427614212036,2748
0,timeout,right_arc,-0.20000000298023224,5.0,0.4450882375240326,0.44544002413749695,0.0002817166387103498,2752
0,timeout,right_arc,-0.25,5.550000190734863,0.5129130482673645,0.5133524537086487,6.379998376360163e-05,2754
1,success,left_arc,0.4000000059604645,4.700000286102295,0.08727286756038666,0.19659624993801117,0.0966094583272934,2754
1,success,left_arc,0.20000000298023224,4.050000190734863,0.04485517740249634,0.1813555806875229,0.07110761851072311,2762
1,success,s_curve,0.3333333432674408,5.200000286102295,0.1332535743713379,0.19979199767112732,0.038844332098960876,2772
1,success,straight,0.0,5.849999904632568,0.030784087255597115,0.1989278793334961,0.09274759143590927,2772
1,success,s_curve,0.3333333432674408,3.75,0.02159072831273079,0.1756090521812439,0.05821136385202408,2779
1,success,right_arc,-0.4000000059604645,5.200000286102295,0.07812483608722687,0.10988304018974304,0.09968707710504532,2780
1,success,straight,0.0,4.349999904632568,0.054393984377384186,0.1988910436630249,0.08747152984142303,2781
0,timeout,left_arc,0.20000000298023224,6.5,0.5027795433998108,0.5030325055122375,0.008722016587853432,2784
0,timeout,right_arc,-0.20000000298023224,6.900000095367432,0.48277753591537476,0.4830223619937897,0.0009632467408664525,2787
1,success,s_curve,0.25,3.75,0.13044044375419617,0.19382640719413757,0.09792205691337585,2790
1,success,s_curve,-0.25,6.400000095367432,0.05851332098245621,0.19970068335533142,0.061349671334028244,2797
1,success,straight,0.0,5.0,0.11250153928995132,0.19876034557819366,0.08728896826505661,2805
0,timeout,s_curve,-0.4000000059604645,3.0,0.4812180697917938,0.4812988042831421,0.001262563862837851,2809
0,timeout,left_arc,0.3333333432674408,6.25,0.6046406626701355,0.6051757335662842,0.0008147867629304528,2813
1,success,left_arc,0.3333333432674408,3.3500001430511475,0.18650254607200623,0.1997998058795929,0.058959439396858215,2814
1,success,s_curve,-0.25,4.099999904632568,0.04527777433395386,0.16611000895500183,0.09775886684656143,2816
0,timeout,right_arc,-0.20000000298023224,7.25,0.5373120903968811,0.5374384522438049,0.0023152357898652554,2827
1,success,s_curve,0.3333333432674408,4.25,0.04494943842291832,0.19921594858169556,0.07600101828575134,2833
1,success,right_arc,-0.4000000059604645,5.200000286102295,0.007788191549479961,0.0933314710855484,0.09794463217258453,2841
0,timeout,left_arc,0.3333333432674408,6.050000190734863,0.5940905213356018,0.5941640138626099,0.000810493715107441,2843
1,success,straight,0.0,4.550000190734863,0.08235183358192444,0.1922377198934555,0.07946725934743881,2844
0,timeout,right_arc,-0.3333333432674408,6.25,0.5850342512130737,0.5852957367897034,0.000294763915007934,2844
1,success,left_arc,0.20000000298023224,3.450000047683716,0.1516055315732956,0.1990925669670105,0.09208496659994125,2845
0,timeout,left_arc,0.25,7.200000286102295,0.5894147753715515,0.5895448327064514,0.001470218994654715,2845
0,timeout,right_arc,-0.3333333432674408,6.25,0.6059978008270264,0.606013298034668,0.003912826534360647,2851
0,timeout,right_arc,-0.5,4.150000095367432,0.4326777458190918,0.43350160121917725,0.008810008876025677,2854
0,timeout,right_arc,-0.3333333432674408,6.25,0.527262806892395,0.5443935394287109,0.3768942952156067,2868
1,success,straight,0.0,4.150000095367432,0.062283873558044434,0.18558964133262634,0.07558891922235489,2871
1,success,s_curve,-0.20000000298023224,7.550000190734863,0.05642319843173027,0.1836114376783371,0.057107169181108475,2879
0,timeout,right_arc,-0.25,5.700000286102295,0.46790310740470886,0.46833905577659607,0.0006547908997163177,2879
1,success,straight,0.0,7.349999904632568,0.03440437093377113,0.19925034046173096,0.08986148238182068,2882
1,success,left_arc,0.3333333432674408,4.75,0.13245999813079834,0.19908729195594788,0.08159793168306351,2883
1,success,s_curve,-0.5,7.950000286102295,0.1669897437095642,0.19892409443855286,0.0858575627207756,2889
1,success,right_arc,-0.5,4.150000095367432,0.12029602378606796,0.19988520443439484,0.037274572998285294,2898
1,success,right_arc,-0.25,3.549999952316284,0.14402255415916443,0.1999770849943161,0.06425221264362335,2914
1,success,straight,0.0,4.200000286102295,0.022620245814323425,0.175256609916687,0.07463886588811874,2926
1,success,right_arc,-0.4000000059604645,5.200000286102295,0.08529464155435562,0.12366555631160736,0.09929569065570831,2932
1,success,left_arc,0.20000000298023224,4.950000286102295,0.14533835649490356,0.19969187676906586,0.05583459511399269,2936
1,success,left_arc,0.4000000059604645,3.8500001430511475,0.14904005825519562,0.19963285326957703,0.03642662242054939,2942
1,success,straight,0.0,4.300000190734863,0.05730845406651497,0.18271130323410034,0.08059807121753693,2948
1,success,straight,0.0,6.5,0.012080755084753036,0.19894735515117645,0.09137433767318726,2952
1,success,left_arc,0.5,4.150000095367432,0.026842158287763596,0.1757628321647644,0.0465814471244812,2953
1,success,s_curve,-0.5,7.950000286102295,0.19483649730682373,0.19964559376239777,0.0337127149105072,2955
1,success,straight,0.0,4.800000190734863,0.07037995755672455,0.18816104531288147,0.085936039686203,2958
0,timeout,s_curve,0.4000000059604645,6.400000095367432,0.5110564827919006,0.5110596418380737,0.0013387583894655108,2960
1,success,left_arc,0.5,3.700000047683716,0.17769977450370789,0.19977720081806183,0.023578230291604996,2961
1,success,straight,0.0,5.099999904632568,0.15557439625263214,0.1986258178949356,0.09519537538290024,2966
0,timeout,right_arc,-0.3333333432674408,5.300000190734863,0.5488251447677612,0.5491045713424683,0.0005003999103792012,2971
1,success,s_curve,-0.4000000059604645,4.599999904632568,0.17921701073646545,0.1996150016784668,0.03046036884188652,2973
1,success,straight,0.0,5.5,0.003063423791900277,0.199418842792511,0.09813402593135834,2987
1,success,right_arc,-0.20000000298023224,4.25,0.00361540075391531,0.19119893014431,0.0978873074054718,2989
0,timeout,right_arc,-0.25,5.5,0.38122835755348206,0.38172754645347595,0.0006287508876994252,2993
0,timeout,right_arc,-0.5,4.150000095367432,0.345240980386734,0.34631699323654175,0.003909477964043617,2998
1,success,straight,0.0,7.0,0.03544257953763008,0.18582141399383545,0.09393670409917831,3000
0,timeout,right_arc,-0.20000000298023224,6.650000095367432,0.4792144298553467,0.4795113503932953,0.03702899068593979,3002
0,timeout,right_arc,-0.3333333432674408,4.950000286102295,0.399804949760437,0.4001428782939911,0.0049179596826434135,3005
1,success,right_arc,-0.20000000298023224,3.1500000953674316,0.029564794152975082,0.17453481256961823,0.0963757261633873,3006
1,success,s_curve,-0.3333333432674408,5.349999904632568,0.08388645946979523,0.19935548305511475,0.05596204847097397,3022
1,success,straight,0.0,3.3500001430511475,0.01808053068816662,0.1744627207517624,0.0747573971748352,3033
1,success,left_arc,0.5,4.150000095367432,0.14575956761837006,0.19957999885082245,0.02411344274878502,3038
1,success,left_arc,0.4000000059604645,5.200000286102295,0.010891442187130451,0.129801943898201,0.09911394119262695,3042
1,success,straight,0.0,7.700000286102295,0.04344438016414642,0.17987459897994995,0.08812084794044495,3059
1,success,straight,0.0,5.900000095367432,0.019832836464047432,0.18070943653583527,0.09292738139629364,3066
1,success,right_arc,-0.4000000059604645,5.200000286102295,0.030783245339989662,0.1375339925289154,0.09865684062242508,3067
1,success,s_curve,0.20000000298023224,6.900000095367432,0.046166956424713135,0.19976255297660828,0.04795945808291435,3073
1,success,s_curve,-0.20000000298023224,7.450000286102295,0.06473448872566223,0.18607206642627716,0.056486576795578,3075
1,success,s_curve,-0.20000000298023224,7.099999904632568,0.030882302671670914,0.1997508853673935,0.043316058814525604,3095
1,success,straight,0.0,3.1500000953674316,0.01745705120265484,0.17484144866466522,0.0787147656083107,3109
